"Id","Link","Make","Model","Trim","Year","Price","Mileage","Date_sold","Average_Year_per_Trim","Average_Milerange_per_Trim_Year_LR","Average_Price_per_Trim","Year_Effect","Mileage_Effect","L_Predicted_Price","L_Price_Gap_Percentage","R_Predicted_Price","R_Price_Gap_Percentage","Count"
"1712650157-38","https://qatarsale.com/en/product/alfa_romeo_stelvio_red_suv_automatic_2019-215181","Alfa Romeo","Alfa Romeo-Stelvio","Alfa Romeo-Alfa Romeo-Stelvio-Standard-4-Automatic","2019","90,000","94,000","","2,020.00","60,000.00","109,000.00","-10,900","-6,278.4","91,821.6",2.02400000000001,"54,678.86",-39.245707,1
"1712650157-52","https://qatarsale.com/en/product/audi_a8_l_white_sedan_automatic_2014-69586","Audi","Audi-A8","Audi-Audi-A8-L-12-Automatic","2014","79,000","91,000","","2,014.50","1e+05","110,500.00","-31,500","0","79,000",0,"77,226.46",-2.24498350210961,1
"1712650189-166","https://qatarsale.com/en/product/audi_q3_3.0_tfsi_silver_suv_automatic_2017-196559","Audi","Audi-Q3","Audi-Audi-Q3-3.0 TFSI-4-Automatic","2017","68,000","52,900","","2,017.00","35,000.00","66,500.00","2.910383e-11","-2,660","63,840",-6.11764705882349,"91,137.15",34.0252259313725,1
"1712650146-26","https://qatarsale.com/en/product/audi_q7_45_tfsi_quattro_gray_suv_automatic_2016-215160","Audi","Audi-Q7","Audi-Audi-Q7-45 TFSI Quattro-6-Automatic","2016","89,000","66,000","","2,016.778","127,777.78","105,111.11","-15,944.44","8,242.963","97,409.63",9.44902205576051,"88,226.53",-0.869070561797756,1
"1712650239-305","https://qatarsale.com/en/product/audi_q8_s_line_gray_nardo_suv_automatic_2023-215359","Audi","Audi-Q8","Audi-Audi-Q8-S-Line-6-Automatic","2023","310,000","26,000","","2,019.583","3,076.923","239,400.00","125,555.1","-15,721.14","349,234",12.6561239422186,"265,808.6",-14.2552763978495,1
"1712650239-297","https://qatarsale.com/en/product/pearl_suv_automatic_2024_avatr_11-215367","Avatr","Avatr-11","Avatr-Avatr-11-Standard-0-Automatic","2024","235,000","1,200","","2,023.333","0.00","244,666.67","24,333.33","-4,304","264,696",12.6365957446788,"232,599.5",-1.02147008713267,1
"1712650146-4","https://qatarsale.com/en/product/bentley_bentayga_first_edition_2017_gray_automatic_suv-133187","Bentley","Bentley-Bentayga","Bentley-Bentley-Bentayga-First Edition-12-Automatic","2017","329,000","63,000","","2,017.00","66,666.67","313,999.83","-2,333.5","-1,662.22","310,004.1",-5.77382586963863,"317,846.9",-3.3899930279346,1
"1712650227-282","https://qatarsale.com/en/product/bentley_gt_black_sedan_automatic_2015-175893","Bentley","Bentley-GT","Bentley-Bentley-GT-V8-8-Automatic","2015","169,000","67,000","","2,015.50","70,000.00","209,500.00","-40,500","0","169,000",0,"179,814.8",6.39928585798815,1
"1712650201-188","https://qatarsale.com/en/product/bmw_4_series_420_i_blue_suv_automatic_2021-189400","BMW","BMW-4-Series","BMW-BMW-4-Series-420 I-4-Automatic","2021","149,000","79,000","","2,020.00","40,833.33","141,749.75","19,761.9","-10,121.4","151,390.3",1.60419981890216,"139,233.9",-6.55439796420584,1
"1712650201-211","https://qatarsale.com/en/product/bmw_5_series_520i_dark_blue_sedan_automatic_2021-209076","BMW","BMW-5-Series","BMW-BMW-5-Series-520i-6-Automatic","2021","135,000","33,000","","2,019.20","58,806.45","97,200.00","16,835.48","3,431.364","117,466.8",-12.9875197286774,"151,738.7",12.3990587901235,1
"1712650201-184","https://qatarsale.com/en/product/bmw_6_series_630i_white_sedan_automatic_2020-191387","BMW","BMW-6-Series","BMW-BMW-6-Series-630i-6-Automatic","2020","137,000","67,000","","2,020.00","70,000.00","137,000.00","0","0","137,000",0,"162,347.5",18.5018407785889,1
"1712650227-267","https://qatarsale.com/en/product/bmw_6_series_650i_light_gold_sedan_automatic_2015-214956","BMW","BMW-6-Series","BMW-BMW-6-Series-650i-8-Automatic","2015","70,000","79,000","","2,016.00","76,666.67","114,666.33","-11,466.63","-550.3984","102,649.3",46.6418594285714,"74,018.22",5.74031376190477,1
"1712650189-159","https://qatarsale.com/en/product/bmw_7_series_730_li_white_sedan_automatic_2017-198330","BMW","BMW-7-Series","BMW-BMW-7-Series-730 Li-4-Automatic","2017"," 84,999","131,000","","2,019.69","99,585.38","178,325.79","-81,922.426","-6,233.768"," 90,169.60",6.08312854775771," 88,832.29",4.50980619379833,3
"1712650189-154","https://qatarsale.com/en/product/bmw_7_series_730_li_beige_sedan_automatic_2020-204719","BMW","BMW-7-Series","BMW-BMW-7-Series-730 Li-4-Automatic","2020","189,000"," 40,321","","2,019.69","55,312.84","178,325.79","  3,155.289"," 1,542.688","183,023.77",-3.16202594189998,"186,461.43",-1.34315832451501,3
"1712650227-261","https://qatarsale.com/en/product/bmw_7_series_730_li_white_sedan_automatic_2017-160872","BMW","BMW-7-Series","BMW-BMW-7-Series-730 Li-4-Automatic","2017","100,000","110,000","","2,019.69","99,585.38","178,325.79","-81,922.426","-1,606.407"," 94,796.96",-5.20303996216028," 96,940.95",-3.05904656666667,3
"1712650201-210","https://qatarsale.com/en/product/bmw_7_series_730_li_black_sedan_automatic_2022-209069","BMW","BMW-7-Series","BMW-BMW-7-Series-730 Li-6-Automatic","2022","245,000","24,000","","2,017.404","30,874.85","118,116.98","121,815.13","   335.8464","240,268.0",-1.93144627255112,"259,393.0",5.87471428571426,2
"1712650239-298","https://qatarsale.com/en/product/bmw_7_series_730_li_gray_sedan_automatic_2021-215366","BMW","BMW-7-Series","BMW-BMW-7-Series-730 Li-6-Automatic","2021","200,000","45,000","","2,017.404","44,970.54","118,116.98"," 95,531.95","-1,719.2608","211,929.7",5.9648338056541,"195,363.6",-2.31819171666671,2
"1712650239-293","https://qatarsale.com/en/product/bmw_7_series_750_li_gray_sedan_automatic_2016-206973","BMW","BMW-7-Series","BMW-BMW-7-Series-750 Li-8-Automatic","2016","110,000","95,000","","2,016.222","68,000.00","115,111.11","-4,861.111","-5,644.8","104,605.2",-4.90436363635791,"103,631.6",-5.78945254545452,1
"1712650201-206","https://qatarsale.com/en/product/bmw_8_series_850i_blue_sedan_automatic_2019-204477","BMW","BMW-8-Series","BMW-BMW-8-Series-850i-8-Automatic","2019","205,000","31,000","","2,020.143","34,333.33","283,571.43","-15,971.43","-2,426.24","265,173.8",29.3530536585379,"231,117.7",12.7403503902439,1
"1712650189-151","https://qatarsale.com/en/product/bmw_m_series_purple_suv_automatic_2022_240i-192994","BMW","BMW-M-Series","BMW-BMW-M-Series-240i-6-Automatic","2022","199,999","23,000","","2,022.00","25,000.00","209,499.50","0","-1,675.996","207,823.5",3.9122715613578,"225,980.1",12.9906216864416,1
"1712650250-356","https://qatarsale.com/en/product/bmw_m_series_4_white_coupe_sport_automatic_2016-197309","BMW","BMW-M-Series","BMW-BMW-M-Series-4-6-Automatic","2016","119,000","139,000","","2,015.50","1e+05","143,000.00","-14,000","-8,256","120,744",1.46554621848936,"99,744.31",-16.1812493557423,1
"1712650167-106","https://qatarsale.com/en/product/bmw_m_series_850_i_gray_coupe_sport_automatic_2019-215194","BMW","BMW-M-Series","BMW-BMW-M-Series-850 i-8-Automatic","2019","259,000","56,000","","2,019.333","40,000.00","296,666.67","-31,666.67","-8,480","256,520",-0.957528957525238,"174,853.9",-32.4888241184041,1
"1712650250-353","https://qatarsale.com/en/product/bmw_x_series_x2_m_blue_suv_automatic_2019-208912","BMW","BMW-X-Series","BMW-BMW-X-Series-X2 M-4-Automatic","2019","89,000","119,000","","2,019.50","120,000.00","104,000.00","-15,000","0","89,000",0,"106,221",19.3494756554307,1
"1712650217-239","https://qatarsale.com/en/product/bmw_x_series_x4_white_suv_automatic_2022-215229","BMW","BMW-X-Series","BMW-BMW-X-Series-X4-4-Automatic","2022","195,000","48,000","","2,020.654","37,097.70","184,807.62","24,004.82","-4,310.657","204,501.8",4.87270895020535,"216,359.5",10.9535762905983,1
"1712650146-19","https://qatarsale.com/en/product/bmw_x_series_white_suv_automatic_2020_x4_m_competition-197044","BMW","BMW-X-Series","BMW-BMW-X-Series-X4 M Competition-6-Automatic","2021","238,000","18,000","","2,021.00","20,000.00","238,000.00","2.910383e-11","0","238,000",0,"245,917.3",3.32660556022405,1
"1712650250-354","https://qatarsale.com/en/product/bmw_x_series_x5_green_suv_automatic_2023-200545","BMW","BMW-X-Series","BMW-BMW-X-Series-X5-6-Automatic","2023","244,000","29,000","","2,018.694","31,517.53","166,194.44","116,293.434","    685.8952","283,173.8",16.0548254230622,"256,424.0",5.09180994535512,3
"1712650250-345","https://qatarsale.com/en/product/bmw_x_series_x5_gray_suv_automatic_2019-215314","BMW","BMW-X-Series","BMW-BMW-X-Series-X5-6-Automatic","2019","165,000","68,000","","2,018.694","69,262.99","166,194.44","  8,032.828","   -205.4524","174,021.8",5.46776988301419,"161,580.0",-2.07271515151516,3
"1712650217-245","https://qatarsale.com/en/product/bmw_x_series_x5_gray_suv_automatic_2022-199491","BMW","BMW-X-Series","BMW-BMW-X-Series-X5-6-Automatic","2022","225,000","62,000","","2,018.694","40,953.90","166,194.44"," 89,228.283","-11,870.4561","243,552.3",8.2454538465188,"216,637.1",-3.71685762962967,3
"1712650250-346","https://qatarsale.com/en/product/bmw_x_series_x5_m_competition_blue_suv_automatic_2020-205468","BMW","BMW-X-Series","BMW-BMW-X-Series-X5 M Competition-8-Automatic","2020","299,900","59,000","","2,020.833","60,000.00","336,166.50","-27,166.5","0","309,000",3.03434478159487,"286,643.6",-4.4202630480002,1
"1712650250-351","https://qatarsale.com/en/product/bmw_x_series_x6_black_suv_automatic_2020-213068","BMW","BMW-X-Series","BMW-BMW-X-Series-X6-6-Automatic","2020","215,000","47,000","","2,018.062","62,018.00","152,117.12","59,000.84"," 4,059.545","215,177.5",0.0825617538784024,"230,528.5",7.22257128682162,2
"1712650250-339","https://qatarsale.com/en/product/bmw_x_series_x6_black_suv_automatic_2020-211369","BMW","BMW-X-Series","BMW-BMW-X-Series-X6-6-Automatic","2020","210,000","84,000","","2,018.062","62,018.00","152,117.12","59,000.84","-9,452.005","201,666.0",-3.96859136645981,"213,559.4",1.69496190476192,2
"1712650189-155","https://qatarsale.com/en/product/bmw_z_series_4_blue_convertible_automatic_2021-166017","BMW","BMW-Z-Series","BMW-BMW-Z-Series-4-4-Automatic","2021","149,000","23,700","","2,020.429","18,782.61","152,571.43","4,054.658","-2,811.098","153,815",3.2315363672098,"175,589.3",17.8451631767338,1
"1712650167-80","https://qatarsale.com/en/product/cadillac_ct5_blue_sedan_automatic_2022-205149","Cadillac","Cadillac-CT5","Cadillac-Cadillac-CT5-Standard-4-Automatic","2022","119,000","24,000","","2,021.20","27,000.00","112,200.00","16,800","-619.2","128,380.8",7.88302521008404,"113,755.5",-4.40716184873952,1
"1712650167-97","https://qatarsale.com/en/product/cadillac_ct6_gray_sedan_automatic_2018-205810","Cadillac","Cadillac-CT6","Cadillac-Cadillac-CT6-Standard-6-Automatic","2018","75,000","99,000","","2,017.50","1e+05","79,000.00","-4,000","0","75,000",0,"74,137.33",-1.15022920000002,1
"1712650157-49","https://qatarsale.com/en/product/cadillac_cts_white_sedan_automatic_2014-209770","Cadillac","Cadillac-CTS","Cadillac-Cadillac-CTS-Standard-6-Automatic","2014","42,000","109,000","","2,014.00","135,000.00","36,000.00","0","1,440","37,440",-10.8571428571429,"48,683.72",15.9136118253968,1
"1712650189-179","https://qatarsale.com/en/product/changan_gray_nardo_suv_automatic_2023_uni_k-209394","Changan","Changan-UNI-K","Changan-Changan-UNI-K-Standard-4-Automatic","2023","126,999","18,000","","2,023.286","22,000.00","125,142.79","-3,714.357","   388.571","121,817.0",-4.08034744930295,"123,493.9",-2.75996475787777,2
"1712650189-176","https://qatarsale.com/en/product/changan_white_suv_automatic_2023_uni_k-205750","Changan","Changan-UNI-K","Changan-Changan-UNI-K-Standard-4-Automatic","2023","123,000","26,000","","2,023.286","22,000.00","125,142.79","-3,714.357","-1,554.284","119,874.1",-2.54134578397004,"111,665.7",-9.21490623306241,2
"1712650178-134","https://qatarsale.com/en/product/changan_gray_suv_automatic_2023_uni_t-156699","Changan","Changan-UNI-T","Changan-Changan-UNI-T-Standard-4-Automatic","2023","79,000","17,000","","2,023.333","20,000.00","81,000.00","-1,000","0","80,000",1.26582278481013,"78,824.95",-0.221580620855922,2
"1712650157-45","https://qatarsale.com/en/product/changan_gray_suv_automatic_2023_uni_t-191351","Changan","Changan-UNI-T","Changan-Changan-UNI-T-Standard-4-Automatic","2023","81,000","17,000","","2,023.333","20,000.00","81,000.00","-1,000","0","80,000",-1.23456790123457,"78,824.95",-2.68524529688417,2
"1712650217-237","https://qatarsale.com/en/product/chery_tiggo_8_pro_white_suv_automatic_2023-215051","Chery","Chery-Tiggo","Chery-Chery-Tiggo-8 pro-4-Automatic","2023","80,000","15,392","","2,023.455","0.00","87,045.45","-2,045.455","-2,720","82,280",2.85,"52,642.47",-34.1969096666666,1
"1712650157-43","https://qatarsale.com/en/product/chevrolet_camaro_ss_black_coupe_sport_automatic_2017-210896","Chevrolet","Chevrolet-Camaro","Chevrolet-Chevrolet-Camaro-SS-8-Automatic","2017","105,000","73,000","","2,018.667","62,665.84","113,541.67","-15,933.94","-2,707.118","94,900.61",-9.61846369185463,"103,408.4",-1.5158233333333,2
"1712650178-132","https://qatarsale.com/en/product/chevrolet_camaro_ss_black_coupe_sport_automatic_2017-205301","Chevrolet","Chevrolet-Camaro","Chevrolet-Chevrolet-Camaro-SS-8-Automatic","2017","105,000","73,000","","2,018.667","62,665.84","113,541.67","-15,933.94","-2,707.118","94,900.61",-9.61846369185463,"103,408.4",-1.5158233333333,2
"1712650201-186","https://qatarsale.com/en/product/chevrolet_silverado_rst_silver_pick_up_automatic_2020-204473","Chevrolet","Chevrolet-Silverado","Chevrolet-Chevrolet-Silverado-RST-8-Automatic","2020","129,000","29,000","","2,021.333","59,321.43","148,611.11","-18,825.4","6,088.804","135,874.5",5.32908400569651,"126,977",-1.56819785529714,1
"1712650189-161","https://qatarsale.com/en/product/dodge_challenger_gt_red_coupe_sport_automatic_2021-205350","Dodge","Dodge-Challenger","Dodge-Dodge-Challenger-GT-6-Automatic","2021","99,000","39,573","","2,020.50","33,333.33","105,750.00","7,250","-1,205.333","111,794.7",12.9239057239067,"102,906.8",3.94629808080808,1
"1712650217-221","https://qatarsale.com/en/product/dodge_challenger_rt_black_coupe_sport_manual_2021-205366","Dodge","Dodge-Challenger","Dodge-Dodge-Challenger-SRT-8-Manual","2021","139,000","42,000","","2,021.00","50,000.00","139,000.00","0","0","139,000",0,"122,026.2",-12.211377793765,1
"1712650227-258","https://qatarsale.com/en/product/dodge_ram_big_horn_dark_blue_pick_up_automatic_2017-195892","Dodge","Dodge-Ram","Dodge-Dodge-Ram-Big Horn-8-Automatic","2017","72,000","108,000","","2,020.30","134,416.67","131,600.00","-51,766.67","3,118.822","82,952.16",15.2113271604903,"76,706.36",6.5366112962963,1
"1712650178-140","https://qatarsale.com/en/product/dodge_ram_rebel_red_pick_up_automatic_2017-213767","Dodge","Dodge-Ram","Dodge-Dodge-Ram-Rebel-8-Automatic","2017","95,000","126,000","","2,021.273","131,632.65","198,272.73","-101,537","252.6974","96,988.41",2.09306490717359,"98,849.17",4.05175438596489,1
"1712650189-148","https://qatarsale.com/en/product/fiat_500_silver_hatchback_manual_2018-209441","Fiat","Fiat-500","Fiat-Fiat-500-Abarth-4-Automatic","2018","64,999","34,000","","2,019.714","56,428.57","68,128.43","-13,007.29","1,448.899","56,570.04",-12.9678280136773,"67,551.83",3.92749006394977,1
"1712650201-212","https://qatarsale.com/en/product/fiat_695_abarth_white_hatchback_automatic_2023-210171","Fiat","Fiat-695","Fiat-Fiat-695-Abarth-4-Automatic","2023","113,000","4,000","","2,022.182","11,250.00","106,999.91","4,333.258","222.6663","111,555.8",-1.27802389380586,"115,061.8",1.82463056047196,1
"1712650239-315","https://qatarsale.com/en/product/ford_bronco_orange_suv_automatic_2023-215337","Ford","Ford-Bronco","Ford-Ford-Bronco-Standard-6-Automatic","2023","330,000","1,500","","2,023.00","10,000.00","315,000.00","0","0","315,000",-4.54545454545455,"292,426.5",-11.3859239018759,1
"1712650239-306","https://qatarsale.com/en/product/ford_f_150_silver_pick_up_automatic_2016-215357","Ford","Ford-F","Ford-Ford-F-150-6-Automatic","2016","73,000","87,000","","2,019.765","152,275.11","174,646.94","-95,237.39","7,912.383","87,321.94",19.619093533914,"111,152.5",52.2636529680365,1
"1712650239-291","https://qatarsale.com/en/product/ford_f_150_lariat_white_pick_up_automatic_2017-165731","Ford","Ford-F","Ford-Ford-F-150 LARIAT-6-Automatic","2017","95,000","159,000","","2,018.833","138,197.42","136,316.67","-29,228.68","-3,735.67","103,352.3",8.79190817951709,"90,151.72",-5.10345740350876,1
"1712650201-198","https://qatarsale.com/en/product/ford_mustang_gt_silver_coupe_sport_automatic_2022-206468","Ford","Ford-Mustang","Ford-Ford-Mustang-GT-8-Automatic","2022","168,000","18,000","","2,017.036","25,506.94","101,375.00","42,194.58","1,265.008","144,834.6",-13.7889339974659,"161,940.4",-3.60687984126997,1
"1712650146-18","https://qatarsale.com/en/product/ford_raptor_black_pick_up_automatic_2020-202929","Ford","Ford-Raptor","Ford-Ford-Raptor-Standard-6-Automatic","2020","221,000","1e+05","","2,019.376","64,154.02","220,837.09","25,983.99","-14,156.07","232,665",5.27828572948418,"214,693.9",-2.85345399698337,1
"1712650146-23","https://qatarsale.com/en/product/ford_raptor_svt_black_pick_up_automatic_2014-215164","Ford","Ford-Raptor","Ford-Ford-Raptor-SVT-8-Automatic","2014"," 48,000","286,000","","2,015.909","196,686.75","124,272.73","-39,971.52","-12,586.271"," 71,714.93",49.4061111917543," 65,119.47",35.6655677083334,2
"1712650217-250","https://qatarsale.com/en/product/ford_raptor_svt_black_pick_up_automatic_2020-215222","Ford","Ford-Raptor","Ford-Ford-Raptor-SVT-8-Automatic","2020","210,000"," 79,000","","2,015.909","106,273.67","124,272.73"," 78,117.98","  8,508.073","210,898.78",0.42798999715347,"177,982.61",-15.246376984127,2
"1712650227-286","https://qatarsale.com/en/product/gmc_sierra_at4_white_pick_up_automatic_2020-200796","GMC","GMC-Sierra","GMC-GMC-Sierra-AT4-8-Automatic","2020","129,000","20,000","08-Apr-2024","2,020.89","81,723.48","142,963.41","-17,861.480","12,354.764","137,456.7",6.55557990644081,"138,552.5",7.40503875968992,2
"1712650157-39","https://qatarsale.com/en/product/gmc_sierra_at4_gray_pick_up_automatic_2021-215189","GMC","GMC-Sierra","GMC-GMC-Sierra-AT4-8-Automatic","2021","180,000","65,000","","2,020.89","62,507.58","142,963.41","  8,431.052","-1,814.899","149,579.6",-16.9002397679003,"143,254.2",-20.4143524999999,2
"1712650250-329","https://qatarsale.com/en/product/gmc_yukon_black_suv_automatic_2014-215364","GMC","GMC-Yukon","GMC-GMC-Yukon-Standard-8-Automatic","2014","33,000","260,000","","2,018.00","227,335.29","116,111.11","-92,490.13","-1,234.516","23,222.22",-29.6296296296296,"48,027.9",45.5390860606061,1
"1712650250-360","https://qatarsale.com/en/product/hongqi_gray_suv_automatic_2023_e_hs9-204044","Hongqi","Hongqi-E-HS9","Hongqi-Hongqi-E-HS9-Standard-0-Automatic","2023","255,000","6,000","","2,022.75","16,666.67","247,124.75","19,374.92","2,842.663","269,342.3",5.6244430501164,"284,851.6",11.7065285882353,1
"1712650239-290","https://qatarsale.com/en/product/hyundai_creta_white_suv_automatic_2022-187506","Hyundai","Hyundai-Creta","Hyundai-Hyundai-Creta-Standard-4-Automatic","2022","61,500","29,500","","2,021.971","47,698.41","61,170.00","-361.2633","1,721.949","62,530.69",1.67591165176661,"59,312.02",-3.55769674796746,1
"1712650227-272","https://qatarsale.com/en/product/infiniti_q_30s_white_suv_automatic_2017-215256","Infiniti","Infiniti-Q","Infiniti-Infiniti-Q-30S-4-Automatic","2017","63,999","57,000","","2,017.00","1e+05","65,000.00","1.455192e-11","4,160","69,160",8.06418850294538,"68,856.75",7.5903555784726,1
"1712650178-109","https://qatarsale.com/en/product/infiniti_q_70_silver_sedan_automatic_2017-201181","Infiniti","Infiniti-Q","Infiniti-Infiniti-Q-70-6-Automatic","2017","76,999","70,000","","2,017.00","70,000.00","76,999.00","1.455192e-11","0","76,999",0,"70,398.54",-8.57213457317623,1
"1712650227-288","https://qatarsale.com/en/product/infiniti_qx_50_white_suv_automatic_2022-200809","Infiniti","Infiniti-QX","Infiniti-Infiniti-QX-50-4-Automatic","2022","110,000","22,000","","2,021.333","30,000.00","132,666.67","-22,666.67","0","110,000",0,"119,092.1",8.26556027272732,1
"1712650167-74","https://qatarsale.com/en/product/suv_automatic_white_2016_80_qx_infiniti-79735","Infiniti","Infiniti-QX","Infiniti-Infiniti-QX-80-8-Automatic","2016","95,000","196,000","","2,018.069","164,709.09","149,962.07","-56,437.5","-5,280.907","88,243.66",-7.11193837304377,"86,407.77",-9.04445656140347,1
"1712650239-303","https://qatarsale.com/en/product/jaguar_f_pace_r_sport_white_suv_automatic_2018-215242","Jaguar","Jaguar-F-Pace","Jaguar-Jaguar-F-Pace-R Sport-4-Automatic","2018","108,000","55,000","","2,018.833","173,928.57","113,466.67","-17,302.38","17,529.38","113,693.7",5.27190854120161,"114,273.7",5.8089694135803,1
"1712650227-276","https://qatarsale.com/en/product/jeep_compass_black_suv_automatic_2019-215250","Jeep","Jeep-Compass","Jeep-Jeep-Compass-Standard-4-Automatic","2019","70,000","40,000","","2,016.50","190,000.00","37,500.00","12,500","12,000","62,000",-11.4285714285714,"77,973.66",11.3909495238095,1
"1712650217-243","https://qatarsale.com/en/product/jeep_wrangler_rubicon_white_suv_automatic_2016-177131","Jeep","Jeep-Wrangler","Jeep-Jeep-Wrangler-Rubicon-6-Automatic","2016","1e+05","85,000","","2,021.231","112,190.40","175,461.27","-88,376.47","3,091.914","90,176.71",-9.82328610257269,"95,158.5",-4.84150086666668,1
"1712650239-323","https://qatarsale.com/en/product/jeep_wrangler_sahara_black_suv_automatic_2014-215320","Jeep","Jeep-Wrangler","Jeep-Jeep-Wrangler-Sahara-6-Automatic","2014"," 69,000"," 70,000","","2,019.969","123,986.49","138,093.66","-81,855.638","  4,857.7488"," 61,095.77",-11.4554104092456," 90,742.13",31.5103339613527,4
"1712650250-334","https://qatarsale.com/en/product/jeep_wrangler_sahara_black_suv_automatic_2020-215261","Jeep","Jeep-Wrangler","Jeep-Jeep-Wrangler-Sahara-6-Automatic","2020","138,000"," 68,000","","2,019.969"," 58,479.73","138,093.66"," -1,156.163"," -2,524.0911","134,413.40",-2.59898362773984,"139,291.97",0.936208333333354,4
"1712650239-302","https://qatarsale.com/en/product/jeep_wrangler_sahara_gray_suv_automatic_2018-215363","Jeep","Jeep-Wrangler","Jeep-Jeep-Wrangler-Sahara-6-Automatic","2018"," 78,000","220,000","","2,019.969"," 80,315.32","138,093.66","-28,055.988","-24,592.9232"," 85,444.75",9.54454516786961," 77,257.54",-0.951873076923071,4
"1712650239-294","https://qatarsale.com/en/product/jeep_wrangler_sahara_red_suv_automatic_2015-215234","Jeep","Jeep-Wrangler","Jeep-Jeep-Wrangler-Sahara-6-Automatic","2015"," 95,000","110,000","","2,019.969","113,068.69","138,093.66","-68,405.726","    342.1615"," 70,030.09",-26.2841135875492," 65,123.33",-31.4491298947368,4
"1712650157-54","https://qatarsale.com/en/product/jetour_t2_gray_suv_automatic_2024-214783","Jetour","Jetour-T2","Jetour-Jetour-T2-Standard-4-Automatic","2024","156,000","    0","","2,024.00","2,686.567","170,358.21","337.4432","   733.7365","171,429.4",9.89063378758383,"170,362.6",9.20680009330133,9
"1712650157-57","https://qatarsale.com/en/product/black_suv_automatic_2024_jetour_t2-213594","Jetour","Jetour-T2","Jetour-Jetour-T2-Standard-4-Automatic","2024","156,000","    0","","2,024.00","2,686.567","170,358.21","337.4432","   733.7365","171,429.4",9.89063378758383,"170,362.6",9.20680009330133,9
"1712650167-88","https://qatarsale.com/en/product/blue_suv_automatic_2024_jetour_t2-212338","Jetour","Jetour-T2","Jetour-Jetour-T2-Standard-4-Automatic","2024","165,000","  600","","2,024.00","2,686.567","170,358.21","337.4432","-1,997.3939","168,698.3",2.24136865081707,"172,238.6",4.38704617604617,9
"1712650146-27","https://qatarsale.com/en/product/blue_suv_automatic_2024_jetour_t2-215159","Jetour","Jetour-T2","Jetour-Jetour-T2-Standard-4-Automatic","2024","165,000","    0","","2,024.00","2,686.567","170,358.21","337.4432","   733.7365","171,429.4",3.89659921735199,"170,362.6",3.25006554275762,9
"1712650146-34","https://qatarsale.com/en/product/black_suv_automatic_2024_jetour_t2-215148","Jetour","Jetour-T2","Jetour-Jetour-T2-Standard-4-Automatic","2024","169,000","    0","","2,024.00","2,686.567","170,358.21","337.4432","   733.7365","171,429.4",1.43750811161585,"170,362.6",0.806277009201224,9
"1712650157-56","https://qatarsale.com/en/product/gray_suv_automatic_2024_jetour_t2-212637","Jetour","Jetour-T2","Jetour-Jetour-T2-Standard-4-Automatic","2024","171,000","    0","","2,024.00","2,686.567","170,358.21","337.4432","   733.7365","171,429.4",0.251104507971217,"170,362.6",-0.372743774532124,9
"1712650157-55","https://qatarsale.com/en/product/black_suv_automatic_2024_jetour_t2-212635","Jetour","Jetour-T2","Jetour-Jetour-T2-Standard-4-Automatic","2024","172,000","    0","","2,024.00","2,686.567","170,358.21","337.4432","   733.7365","171,429.4",-0.331750750796058,"170,362.6",-0.951972008401123,9
"1712650189-145","https://qatarsale.com/en/product/gray_suv_automatic_2024_jetour_t2-212330","Jetour","Jetour-T2","Jetour-Jetour-T2-Standard-4-Automatic","2024","175,000","2,000","","2,024.00","2,686.567","170,358.21","337.4432","-1,997.3939","168,698.3",-3.60099527208677,"171,191.2",-2.17643809523811,9
"1712650167-104","https://qatarsale.com/en/product/blue_suv_automatic_2024_jetour_t2-215196","Jetour","Jetour-T2","Jetour-Jetour-T2-Standard-4-Automatic","2024","178,000","    0","","2,024.00","2,686.567","170,358.21","337.4432","   733.7365","171,429.4",-3.6913546580726,"170,362.6",-4.29066958115165,9
"1712650178-121","https://qatarsale.com/en/product/kia_optima_red_sedan_automatic_2020-207516","Kia","Kia-Optima","Kia-Kia-Optima-Standard-4-Automatic","2020","47,000","77,000","","2,018.667","103,928.57","46,333.33","916.6667","1,809","49,059",4.38085106382937,"43,957.9",-6.47255574468085,1
"1712650250-350","https://qatarsale.com/en/product/kia_sportage_2.0_blue_suv_automatic_2019-177868","Kia","Kia-Sportage","Kia-Kia-Sportage-2.0-4-Automatic","2019","46,500","105,000","","2,020.125","129,000.00","58,062.50","-10,962.5","1,431.84","48,531.84",4.36954838709797,"47,944.23",3.10587954941116,1
"1712650167-105","https://qatarsale.com/en/product/land_rover_defender_110_green_suv_automatic_2020-215195","Land Rover","Land Rover-Defender","Land Rover-Land Rover-Defender-110-6-Automatic","2020","257,000","89,000","","2,021.40","84,863.64","314,066.67","-49,336.67","-2,175.599","262,554.4",2.16124541917263,"265,364.7",3.25474692607004,1
"1712650239-292","https://qatarsale.com/en/product/land_rover_defender_110_hse_green_suv_automatic_2020-213718","Land Rover","Land Rover-Defender","Land Rover-Land Rover-Defender-110 HSE-6-Automatic","2020","265,000"," 77,000","","2,021.468","85,782.05","309,161.21","-46,055.27","  2,434.067","265,540.0",0.203775602499295,"275,810.2",4.07932552201252,4
"1712650157-68","https://qatarsale.com/en/product/land_rover_defender_110_hse_white_suv_automatic_2022-215177","Land Rover","Land Rover-Defender","Land Rover-Land Rover-Defender-110 HSE-6-Automatic","2022","315,000"," 66,000","","2,021.468","51,164.84","309,161.21"," 11,712.41"," -9,669.932","311,203.7",-1.20517846577215,"325,936.1",3.47178988359784,4
"1712650167-108","https://qatarsale.com/en/product/land_rover_defender_110_hse_silver_suv_automatic_2022-215191","Land Rover","Land Rover-Defender","Land Rover-Land Rover-Defender-110 HSE-6-Automatic","2022","319,000"," 36,000","","2,021.468","51,164.84","309,161.21"," 11,712.41","  5,732.002","326,605.6",2.38420739386851,"328,311.3",2.91889499477532,4
"1712650146-30","https://qatarsale.com/en/product/land_rover_defender_110_hse_white_suv_automatic_2022-204852","Land Rover","Land Rover-Defender","Land Rover-Land Rover-Defender-110 HSE-6-Automatic","2022","320,000","100,000","","2,021.468","51,164.84","309,161.21"," 11,712.41","-25,071.866","295,801.8",-7.56195185025159,"318,381.5",-0.505773010416651,4
"1712650227-257","https://qatarsale.com/en/product/land_rover_defender_110_x_dynamic_black_suv_automatic_2023-214981","Land Rover","Land Rover-Defender","Land Rover-Land Rover-Defender-110 X Dynamic-6-Automatic","2023","350,000","23,000","","2,023.00","30,000.00","354,333.33","0","0","354,333.3",1.23809523809523,"347,071.9",-0.836612476190469,1
"1712650146-7","https://qatarsale.com/en/product/land_rover_defender_90_hse_green_suv_automatic_2022-199479","Land Rover","Land Rover-Defender","Land Rover-Land Rover-Defender-90 HSE-6-Automatic","2022","265,000","40,000","","2,021.833","37,911.76","295,041.58","3,783.367"," -998.4269","297,826.5",12.3873672106567,"280,862.5",5.98586095597481,2
"1712650201-193","https://qatarsale.com/en/product/land_rover_defender_90_hse_gray_suv_automatic_2022-146940","Land Rover","Land Rover-Defender","Land Rover-Land Rover-Defender-90 HSE-6-Automatic","2022","300,000","29,000","","2,021.833","37,911.76","295,041.58","3,783.367","3,782.7723","302,607.7",0.869240769413475,"313,997.1",4.66569647777775,2
"1712650239-319","https://qatarsale.com/en/product/land_rover_discovery_sport_hse_white_suv_automatic_2015-214636","Land Rover","Land Rover-Discovery","Land Rover-Land Rover-Discovery-Sport HSE-4-Automatic","2015","70,000","80,000","","2,016.00","110,000.00","59,000.00","-5,900","2,548.8","55,648.8",-20.5017142857143,"77,704.11",11.0058726666666,1
"1712650178-144","https://qatarsale.com/en/product/suv_automatic_gray_2017_discovery_land_rover-67174","Land Rover","Land Rover-Discovery","Land Rover-Land Rover-Discovery-Standard-4-Automatic","2017","59,000","138,000","","2,018.00","140,000.00","90,500.00","-31,500","0","59,000",0,"65,933.99",11.7525247457627,1
"1712650178-136","https://qatarsale.com/en/product/land_rover_discovery_white_suv_automatic_2017-215205","Land Rover","Land Rover-Discovery","Land Rover-Land Rover-Discovery-Standard-6-Automatic","2017","129,000","118,000","","2,017.50","83,333.33","116,999.75","-6,000.083","-6,511.98","104,487.7",-19.0017936261858,"92,534.16",-28.2680904392765,1
"1712650239-304","https://qatarsale.com/en/product/land_rover_evoque_dynamic_gold_suv_automatic_2016-215362","Land Rover","Land Rover-Evoque","Land Rover-Land Rover-Evoque-Dynamic-4-Automatic","2016","55,000","152,000","","2,017.125","104,169.08","99,812.50","-27,409.6","-6,467.712","65,935.19",19.8821565421097,"50,081.96",-8.94189454545455,1
"1712650239-321","https://qatarsale.com/en/product/land_rover_range_rover_sport_white_suv_automatic_2017-215323","Land Rover","Land Rover-Range Rover","Land Rover-Land Rover-Range Rover-Sport-6-Automatic","2017","109,000","98,000","","2,016.857","111,666.67","134,785.71","-2,976.19","2,460.444","134,270",23.1834571137362,"112,979.5",3.65087856269115,1
"1712650157-47","https://qatarsale.com/en/product/land_rover_range_rover_sport_dark_blue_suv_automatic_2014-94104","Land Rover","Land Rover-Range Rover","Land Rover-Land Rover-Range Rover-Sport-8-Automatic","2014","95,000","82,000","","2,016.308","135,366.46","129,923.08","-71,983.64","4,205.612","62,145.05",-34.5841550622351,"105,756.2",11.3222706666667,1
"1712650227-284","https://qatarsale.com/en/product/land_rover_range_rover_sport_hse_white_suv_automatic_2018-194992","Land Rover","Land Rover-Range Rover","Land Rover-Land Rover-Range Rover-Sport HSE-6-Automatic","2018","159,000","111,000","","2,016.833"," 95,500.00","147,899.83"," 26,843.10","-6,849.9231","167,893.01",5.59308994688808,"164,974.87",3.75777777777782,3
"1712650178-112","https://qatarsale.com/en/product/land_rover_range_rover_sport_hse_2014_gray_automatic_suv-92971","Land Rover","Land Rover-Range Rover","Land Rover-Land Rover-Range Rover-Sport HSE-6-Automatic","2014"," 89,999","144,000","","2,016.833","153,033.33","147,899.83","-94,138.53","   260.9215"," 54,022.22",-39.9746431059441," 88,426.83",-1.74687633566295,3
"1712650201-201","https://qatarsale.com/en/product/land_rover_range_rover_sport_hse_silver_suv_automatic_2015-154636","Land Rover","Land Rover-Range Rover","Land Rover-Land Rover-Range Rover-Sport HSE-6-Automatic","2015","109,000","117,000","","2,016.833","138,650.00","147,899.83","-63,893.12"," 2,506.7602"," 86,513.47",-20.6298451412258,"105,299.19",-3.39523633027528,3
"1712650250-338","https://qatarsale.com/en/product/land_rover_range_rover_sport_super_charged_white_suv_automatic_2018-212846","Land Rover","Land Rover-Range Rover","Land Rover-Land Rover-Range Rover-Sport Super charged-6-Automatic","2018","169,900"," 89,000","","2,015.917","106,219.05","119,666.58","31,990.560"," 3,935.575","155,592.7",-8.42100180578463,"189,491.7",11.5313316264469,3
"1712650178-119","https://qatarsale.com/en/product/land_rover_range_rover_sport_super_charged_white_suv_automatic_2016-215209","Land Rover","Land Rover-Range Rover","Land Rover-Land Rover-Range Rover-Sport Super charged-6-Automatic","2016"," 95,000","145,000","","2,015.917","101,704.76","119,666.58","-1,552.298","-9,126.972","108,987.3",14.7234880343696,"101,018.5",6.33524329824563,3
"1712650189-167","https://qatarsale.com/en/product/land_rover_range_rover_sport_hse_silver_suv_automatic_2018-206203","Land Rover","Land Rover-Range Rover","Land Rover-Land Rover-Range Rover-Sport Super charged-6-Automatic","2018","169,999"," 65,000","","2,015.917","106,219.05","119,666.58","31,990.560"," 8,788.604","160,445.7",-5.6195939367876,"178,069.0",4.74707347298105,3
"1712650146-2","https://qatarsale.com/en/product/land_rover_range_rover_sport_svr_black_suv_automatic_2016-136302","Land Rover","Land Rover-Range Rover","Land Rover-Land Rover-Range Rover-Sport SVR-8-Automatic","2016","165,000"," 89,000","","2,017.50","127,380.95","239,950.00","-43,986.51"," 11,720.48","207,684.0",25.8690758835527,"187,717.2",13.7680000000001,2
"1712650250-328","https://qatarsale.com/en/product/land_rover_range_rover_sport_svr_white_suv_automatic_2015-203178","Land Rover","Land Rover-Range Rover","Land Rover-Land Rover-Range Rover-Sport SVR-8-Automatic","2015","120,000","180,000","","2,017.50","138,523.81","239,950.00","-76,962.70","-10,816.15","152,171.2",26.8092948349692,"132,612.6",10.5104695833333,2
"1712650157-62","https://qatarsale.com/en/product/land_rover_range_rover_velar_se_red_suv_automatic_2019-215180","Land Rover","Land Rover-Range Rover","Land Rover-Land Rover-Range Rover-Velar SE-4-Automatic","2019","150,000","22,000","","2,024.00","0.00","349,000.00","-174,500","-8,376","166,124",10.7493333333333,"290,988.3",93.992195911111,1
"1712650189-169","https://qatarsale.com/en/product/land_rover_range_rover_white_suv_automatic_2020_velar_se_r_dynamic-189915","Land Rover","Land Rover-Range Rover","Land Rover-Land Rover-Range Rover-Velar SE R- Dynamic-4-Automatic","2020","174,999","78,149","","2,020.00","49,523.81","194,666.50","5,238.143","-9,747.731","190,156.9",8.661713324465,"190,993.9",9.14000598098647,1
"1712650189-158","https://qatarsale.com/en/product/land_rover_range_rover_gray_suv_automatic_velar_se_r_dynamic_2024-195664","Land Rover","Land Rover-Range Rover","Land Rover-Land Rover-Range Rover-Velar SE R- Dynamic-6-Automatic","2024","319,000","0","","2,021.00","0.00","249,000.00","70,000","0","319,000",0,"329,941.5",3.42993228840122,1
"1712650189-147","https://qatarsale.com/en/product/land_rover_range_rover_vogue_black_suv_automatic_2021-213246","Land Rover","Land Rover-Range Rover","Land Rover-Land Rover-Range Rover-Vogue-6-Automatic","2021","210,000","120,000","","2,019.909","53,500.00","265,636.36","19,621.97","-30,351.49","254,906.8",21.3842126984186,"182,629.4",-13.0335963718821,1
"1712650227-283","https://qatarsale.com/en/product/land_rover_range_rover_vogue_bronze_suv_automatic_2016-189413","Land Rover","Land Rover-Range Rover","Land Rover-Land Rover-Range Rover-Vogue-8-Automatic","2016","139,000","64,000","","2,015.683","125,936.36","142,975.59","  4,030.343","13,156.761","160,162.7",15.2249567891693,"157,607.7",13.3868051079137,3
"1712650201-214","https://qatarsale.com/en/product/land_rover_range_rover_vogue_sky_blue_suv_automatic_2019-210174","Land Rover","Land Rover-Range Rover","Land Rover-Land Rover-Range Rover-Vogue-8-Automatic","2019","295,000","43,000","","2,015.683"," 87,440.48","142,975.59","104,417.272","14,820.010","262,212.9",-11.1142822552758,"288,911.5",-2.06389001129947,3
"1712650239-316","https://qatarsale.com/en/product/land_rover_range_rover_vogue_black_suv_automatic_2018-215335","Land Rover","Land Rover-Range Rover","Land Rover-Land Rover-Range Rover-Vogue-8-Automatic","2018","270,000","80,000","","2,015.683","100,272.44","142,975.59"," 70,954.962"," 6,939.029","220,869.6",-18.1964529925816,"209,059.8",-22.5704517283951,3
"1712650146-29","https://qatarsale.com/en/product/land_rover_range_rover_vogue_autobiography_black_suv_automatic_2014-215154","Land Rover","Land Rover-Range Rover","Land Rover-Land Rover-Range Rover-Vogue  Autobiography-8-Automatic","2014","90,000","169,000","","2,016.825","147,284.56","210,460.27","-102,770.5","-3,913.954","103,775.8",15.3064636826524,"117,698.6",30.7761811111111,1
"1712650201-182","https://qatarsale.com/en/product/land_rover_range_rover_vogue_hse_gray_suv_automatic_2014-180150","Land Rover","Land Rover-Range Rover","Land Rover-Land Rover-Range Rover-Vogue HSE-8-Automatic","2014","1e+05","142,000","","2,015.833","158,968.25","139,666.67","-63,031.75","1,099.65","77,734.57",-22.2654290753313,"93,258.24",-6.74176470000001,1
"1712650250-332","https://qatarsale.com/en/product/land_rover_range_rover_vogue_se_super_charged_white_suv_automatic_2014-215265","Land Rover","Land Rover-Range Rover","Land Rover-Land Rover-Range Rover-Vogue SE Super charged-8-Automatic","2014","128,000"," 59,000","","2,016.25","150,731.29","170,477.27","-72,026.48","14,292.108","112,742.90",-11.9196077637272,"159,449.5",24.5698832291666,2
"1712650227-265","https://qatarsale.com/en/product/land_rover_range_rover_vogue_se_super_charged_white_suv_automatic_2014-215272","Land Rover","Land Rover-Range Rover","Land Rover-Land Rover-Range Rover-Vogue SE Super charged-8-Automatic","2014","100,000","159,000","","2,016.25","150,731.29","170,477.27","-72,026.48","-1,460.019"," 96,990.78",-3.00922492169973,"111,549.1",11.5490635666667,2
"1712650201-200","https://qatarsale.com/en/product/lexus_lc_500_2020_white_automatic_coupe_sport-115368","Lexus","Lexus-LC","Lexus-Lexus-LC-500-8-Automatic","2020","275,000","60,000","","2,018.00","60,000.00","239,666.67","35,333.33","0","275,000",0,"226,820.2",-17.5199366805195,1
"1712650250-327","https://qatarsale.com/en/product/lexus_ls_350_black_sedan_automatic_2022-215361","Lexus","Lexus-LS","Lexus-Lexus-LS-350-6-Automatic","2022","235,000","16,000","","2,022.00","20,000.00","235,000.00","0","0","235,000",0,"219,358.6",-6.65590177304965,1
"1712650227-259","https://qatarsale.com/en/product/lexus_lx_570_black_suv_automatic_2020-214974","Lexus","Lexus-LX","Lexus-Lexus-LX-570-8-Automatic","2020","    315"," 85,000","","2,016.311"," 93,054.56","200,980.25","114,933.66","  1,543.965","317,457.9",100680.278592951,"303,516.5",96254.455026455,10
"1712650178-139","https://qatarsale.com/en/product/lexus_lx_570_2018_sonic_titanium_automatic_suv-133197","Lexus","Lexus-LX","Lexus-Lexus-LX-570-8-Automatic","2018","209,000","198,000","","2,016.311","143,063.82","200,980.25"," 51,327.41","-22,984.697","229,323.0",9.72390914570339,"221,643.8",6.04968102073367,10
"1712650157-50","https://qatarsale.com/en/product/lexus_lx_570_white_suv_automatic_2017-215184","Lexus","Lexus-LX","Lexus-Lexus-LX-570-8-Automatic","2017","218,000"," 90,000","","2,016.311","168,068.45","200,980.25"," 19,524.29"," 27,543.115","248,047.7",13.7833298805962,"230,447.3",5.70978987118899,10
"1712650157-67","https://qatarsale.com/en/product/lexus_lx_570_black_suv_automatic_2014-150827","Lexus","Lexus-LX","Lexus-Lexus-LX-570-8-Automatic","2014","128,000","263,000","","2,016.311","243,082.33","200,980.25","-75,885.08"," -5,387.633","119,707.5",-6.47848241087296,"132,036.2",3.15328125000001,10
"1712650178-122","https://qatarsale.com/en/product/lexus_lx_570_blue_suv_automatic_2017-205297","Lexus","Lexus-LX","Lexus-Lexus-LX-570-8-Automatic","2017","229,000"," 71,000","","2,016.311","168,068.45","200,980.25"," 19,524.29"," 31,071.188","251,575.7",9.85839818463825,"235,990.3",3.05251819505094,10
"1712650146-36","https://qatarsale.com/en/product/lexus_lx_570_white_suv_automatic_2016-211784","Lexus","Lexus-LX","Lexus-Lexus-LX-570-8-Automatic","2016","180,000","255,000","","2,016.311","193,073.07","200,980.25","-12,278.83","-20,206.730","168,494.7",-6.39183810149056,"181,802.1",1.00116666666667,10
"1712650217-246","https://qatarsale.com/en/product/lexus_lx_570_gray_suv_automatic_2016-197139","Lexus","Lexus-LX","Lexus-Lexus-LX-570-8-Automatic","2016","219,000","219,000","","2,016.311","193,073.07","200,980.25","-12,278.83"," -8,129.839","180,571.6",-17.5472226629265,"214,983.1",-1.83421613394216,10
"1712650201-181","https://qatarsale.com/en/product/lexus_lx_570_white_suv_automatic_2014-210957","Lexus","Lexus-LX","Lexus-Lexus-LX-570-8-Automatic","2014","133,000","280,000","","2,016.311","243,082.33","200,980.25","-75,885.08"," -7,389.156","117,706.0",-11.4992333028792,"127,125.3",-4.41705334765485,10
"1712650250-352","https://qatarsale.com/en/product/lexus_lx_570_pearl_suv_automatic_2016-215352","Lexus","Lexus-LX","Lexus-Lexus-LX-570-8-Automatic","2016","250,000"," 64,000","","2,016.311","193,073.07","200,980.25","-12,278.83"," 37,158.502","225,859.9",-9.65603062641259,"231,494.9",-7.40202881333337,10
"1712650146-28","https://qatarsale.com/en/product/lexus_lx_570_white_suv_automatic_2015-215156","Lexus","Lexus-LX","Lexus-Lexus-LX-570-8-Automatic","2015","240,000"," 32,000","","2,016.311","218,077.70","200,980.25","-44,081.95"," 44,704.142","201,602.4",-15.998983422342,"220,588.1",-8.0882777777778,10
"1712650239-317","https://qatarsale.com/en/product/lexus_lx_570_s_white_suv_automatic_2018-215331","Lexus","Lexus-LX","Lexus-Lexus-LX-570 S-8-Automatic","2018","235,000"," 92,000","","2,017.177","139,026.43","224,152.42"," 21,688.562"," 15,350.874","261,191.9",11.1454707837227,"259,070.8",10.2428790070922,8
"1712650146-8","https://qatarsale.com/en/product/lexus_lx_570_s_white_suv_automatic_2016-211887","Lexus","Lexus-LX","Lexus-Lexus-LX-570 S-8-Automatic","2016","181,000","178,000","","2,017.177","184,634.69","224,152.42","-37,698.584","  1,382.651","187,836.5",3.77706460251215,"193,616.7",6.97057090239408,8
"1712650146-9","https://qatarsale.com/en/product/lexus_lx_570_s_white_suv_automatic_2015-212995","Lexus","Lexus-LX","Lexus-Lexus-LX-570 S-8-Automatic","2015","115,000","300,000","","2,017.177","207,438.83","224,152.42","-67,392.157","-23,215.862","133,544.4",16.1255661027311,"121,945.8",6.03985093167706,8
"1712650217-252","https://qatarsale.com/en/product/lexus_lx_570_s_gray_suv_automatic_2018-144283","Lexus","Lexus-LX","Lexus-Lexus-LX-570 S-8-Automatic","2018","243,000"," 82,000","","2,017.177","139,026.43","224,152.42"," 21,688.562"," 19,284.330","265,125.3",9.10506669150087,"249,174.2",2.540817558299,8
"1712650157-37","https://qatarsale.com/en/product/lexus_lx_570_s_white_suv_automatic_2019-215190","Lexus","Lexus-LX","Lexus-Lexus-LX-570 S-8-Automatic","2019","265,000","169,000","","2,017.177","116,222.30","224,152.42"," 51,382.135","-23,708.184","251,826.4",-4.97118045939492,"270,963.9",2.25052774842769,8
"1712650167-98","https://qatarsale.com/en/product/lexus_lx_570_s_sonic_titanium_suv_automatic_2017-199953","Lexus","Lexus-LX","Lexus-Lexus-LX-570 S-8-Automatic","2017","239,000"," 61,000","","2,017.177","161,830.56","224,152.42"," -8,005.011"," 31,758.301","247,905.7",3.72623876749118,"243,105.7",1.71787009364414,8
"1712650157-58","https://qatarsale.com/en/product/lexus_lx_570_s_black_suv_automatic_2015-215182","Lexus","Lexus-LX","Lexus-Lexus-LX-570 S-8-Automatic","2015","140,000","199,000","","2,017.177","207,438.83","224,152.42","-67,392.157","  1,865.780","158,626.0",13.3043165322437,"136,336.4",-2.61684693877548,8
"1712650239-309","https://qatarsale.com/en/product/lexus_lx_570_s_green_suv_automatic_2021-214075","Lexus","Lexus-LX","Lexus-Lexus-LX-570 S-8-Automatic","2021","330,000","129,000","","2,017.177"," 70,614.04","224,152.42","110,769.281","-31,823.437","303,098.3",-8.15204104087942,"273,317.1",-17.1766464646465,8
"1712650157-72","https://qatarsale.com/en/product/lexus_lx_570_s_black_edition_white_suv_automatic_2020-215172","Lexus","Lexus-LX","Lexus-Lexus-LX-570 S Black Edition-8-Automatic","2020","279,000","128,000","","2,019.636","102,934.24","297,829.43","  5,170.445","-13,121.47","289,878.4",3.89907004312073,"291,720.1",4.55918757467143,4
"1712650227-271","https://qatarsale.com/en/product/lexus_lx_570_s_black_edition_white_suv_automatic_2019-215259","Lexus","Lexus-LX","Lexus-Lexus-LX-570 S Black Edition-8-Automatic","2019","310,000"," 43,000","","2,019.636","140,369.77","297,829.43","-22,516.207"," 39,807.99","315,121.2",1.6520056213099,"323,228.4",4.26722964669737,4
"1712650178-125","https://qatarsale.com/en/product/lexus_lx_570_s_black_edition_black_suv_automatic_2020-200721","Lexus","Lexus-LX","Lexus-Lexus-LX-570 S Black Edition-8-Automatic","2020","279,000","130,000","","2,019.636","102,934.24","297,829.43","  5,170.445","-13,121.47","289,878.4",3.89907004312073,"284,453.2",1.95456391875747,4
"1712650250-330","https://qatarsale.com/en/product/lexus_lx_570_s_black_edition_white_suv_automatic_2020-215321","Lexus","Lexus-LX","Lexus-Lexus-LX-570 S Black Edition-8-Automatic","2020","347,000"," 19,000","","2,019.636","102,934.24","297,829.43","  5,170.445"," 40,206.50","343,206.4",-1.09326103315246,"341,833.7",-1.48885686839573,4
"1712650178-130","https://qatarsale.com/en/product/lexus_nx_300_white_suv_automatic_2021-204207","Lexus","Lexus-NX","Lexus-Lexus-NX-300-4-Automatic","2021","128,000","26,000","","2,020.167","29,722.22","132,333.33","2,500","-59.92593","134,773.4",5.29172453703704,"131,194.8",2.49596354166663,1
"1712650217-220","https://qatarsale.com/en/product/lexus_rx_350_gray_suv_automatic_2022-204191","Lexus","Lexus-RX","Lexus-Lexus-RX-350-6-Automatic","2022","189,000","17,000","","2,018.952","19,977.39","147,523.76","50,477.69","-7.162843","197,994.3",4.75888060681125,"190,952.7",1.03317113714627,1
"1712650178-128","https://qatarsale.com/en/product/maserati_ghibli_white_sedan_automatic_2020-204205","Maserati","Maserati-Ghibli","Maserati-Maserati-Ghibli-Standard-6-Automatic","2020","117,000","45,000","","2,016.00","42,830.19","86,833.33","32,959.12","-1,374.223","118,418.2",1.21216237186207,"119,147",1.83508279202277,1
"1712650189-162","https://qatarsale.com/en/product/maserati_levante_sq4_black_suv_automatic_2017-180658","Maserati","Maserati-Levante","Maserati-Maserati-Levante-SQ4-6-Automatic","2017","123,999","104,000","","2,017.667","110,000.00","155,666.33","-31,667.33","0","123,999",0,"123,014.9",-0.793613039890182,1
"1712650217-235","https://qatarsale.com/en/product/mercedes_benz_a_class_200_white_hatchback_automatic_2018-214635","Mercedes-Benz","Mercedes-Benz-A-Class","Mercedes-Benz-Mercedes-Benz-A-Class-200-4-Automatic","2018","89,000","26,000","","2,021.792","56,256.49","130,999.88","-53,146.52","3,270.65","81,124",-8.84943497309573,"112,437.6",26.3343418726592,1
"1712650201-185","https://qatarsale.com/en/product/mercedes_benz_c_class_200_gray_sedan_automatic_2018-165567","Mercedes-Benz","Mercedes-Benz-C-Class","Mercedes-Benz-Mercedes-Benz-C-Class-200-4-Automatic","2018","97,000","114,000","","2,019.294","72,717.69","135,029.32","-23,252.17","-8,456.132","103,321",6.51651846079215,"96,274.5",-0.74793536082476,1
"1712650146-16","https://qatarsale.com/en/product/mercedes_benz_c_class_300_amg_white_coupe_sport_automatic_2017-210880","Mercedes-Benz","Mercedes-Benz-C-Class","Mercedes-Benz-Mercedes-Benz-C-Class-300 AMG-4-Automatic","2017","147,000","51,000","","2,018.333","51,290.32","165,000.00","-19,741.94","-2,024.241","143,233.8",-2.56202510140257,"136,082.4",-7.42691755102045,1
"1712650146-24","https://qatarsale.com/en/product/mercedes_benz_cla_250_black_sedan_automatic_2023-215163","Mercedes-Benz","Mercedes-Benz-CLA","Mercedes-Benz-Mercedes-Benz-CLA-250-4-Automatic","2023","143,000","22,000","","2,021.125","17,091.84","149,249.94","38,292.83","-3,873.332","183,669.4",28.44016132423,"182,790",27.8251553379953,1
"1712650227-256","https://qatarsale.com/en/product/mercedes_benz_cla_250_amg_gray_sedan_automatic_2023-214644","Mercedes-Benz","Mercedes-Benz-CLA","Mercedes-Benz-Mercedes-Benz-CLA-250 AMG-4-Automatic","2023","175,000","16,000","","2,021.60","19,000.00","152,200.00","3,900","-249.76","155,850.2",-10.94272,"176,756.9",1.00395799999997,1
"1712650189-177","https://qatarsale.com/en/product/mercedes_benz_e_class_200_black_sedan_automatic_2023-202726","Mercedes-Benz","Mercedes-Benz-E-Class","Mercedes-Benz-Mercedes-Benz-E-Class-200-4-Automatic","2023","225,000","     0","","2,019.509"," 8,241.805","143,951.93"," 68,113.84"," 2,796.488","214,862.3",-4.50566154916242,"234,632.6",4.28115795301381,3
"1712650178-142","https://qatarsale.com/en/product/mercedes_benz_e_class_200_black_sedan_automatic_2021-215204","Mercedes-Benz","Mercedes-Benz-E-Class","Mercedes-Benz-Mercedes-Benz-E-Class-200-4-Automatic","2021","160,000","43,000","","2,019.509","33,463.432","143,951.93"," 28,071.30","-4,551.478","167,471.8",4.66984738382707,"163,896.2",2.43512377083329,3
"1712650250-355","https://qatarsale.com/en/product/mercedes_benz_e_class_200_white_coupe_sport_automatic_2019-200907","Mercedes-Benz","Mercedes-Benz-E-Class","Mercedes-Benz-Mercedes-Benz-E-Class-200-4-Automatic","2019","153,000","42,000","","2,019.509","58,685.058","143,951.93","-11,971.24"," 1,834.016","133,814.7",-12.5394049016054,"149,163.9",-2.50726610021791,3
"1712650201-195","https://qatarsale.com/en/product/mercedes_benz_e_class_200_amg_white_sedan_automatic_2023-207449","Mercedes-Benz","Mercedes-Benz-E-Class","Mercedes-Benz-Mercedes-Benz-E-Class-200 AMG-4-Automatic","2023","236,000","12,000","","2,019.40","19,203.54","164,800.00","85,412.39","-318.8547","249,893.5",5.88709095518611,"243,496.9",3.17665727401128,1
"1712650189-165","https://qatarsale.com/en/product/mercedes_benz_glc_200_black_suv_automatic_2024-203522","Mercedes-Benz","Mercedes-Benz-GLC","Mercedes-Benz-Mercedes-Benz-GLC-200-4-Automatic","2024","329,000","0","","2,021.615","0.00","210,461.54","68,471.79","0","278,933.3",-15.2178318135765,"288,265.1",-12.3814363728471,1
"1712650189-173","https://qatarsale.com/en/product/mercedes_benz_glc_250_gray_suv_automatic_2019-207207","Mercedes-Benz","Mercedes-Benz-GLC","Mercedes-Benz-Mercedes-Benz-GLC-250-4-Automatic","2019","155,000","50,418","","2,018.571","62,500.00","129,857.14","10,642.86","562","141,062",-8.99225806451679,"153,047.3",-1.25977879569894,1
"1712650189-178","https://qatarsale.com/en/product/mercedes_benz_gls_450_white_suv_automatic_2022-201722","Mercedes-Benz","Mercedes-Benz-GLS","Mercedes-Benz-Mercedes-Benz-GLS-450-6-Automatic","2022","325,000","45,361","","2,022.00","34,166.67","305,625.00","-5,402.778","-7,605.63","292,616.6",-9.96412535612686,"311,262.1",-4.2270365128205,1
"1712650189-174","https://qatarsale.com/en/product/mercedes_benz_gls_500_black_suv_automatic_2019-202713","Mercedes-Benz","Mercedes-Benz-GLS","Mercedes-Benz-Mercedes-Benz-GLS-500-8-Automatic","2019","188,000"," 55,165","","2,018.182","65,166.67","158,181.64","  5,738.164"," 1,355.070","165,274.9",-12.0878349219832,"183,427.1",-2.43238627659573,2
"1712650201-203","https://qatarsale.com/en/product/mercedes_benz_gls_500_white_suv_automatic_2017-171640","Mercedes-Benz","Mercedes-Benz-GLS","Mercedes-Benz-Mercedes-Benz-GLS-500-8-Automatic","2017","119,000","119,000","","2,018.182","92,166.67","158,181.64","-18,622.236","-6,215.045","133,344.4",12.0540795966377,"108,871.5",-8.51132324929974,2
"1712650157-64","https://qatarsale.com/en/product/mercedes_benz_s_class_400_white_sedan_automatic_2015-215179","Mercedes-Benz","Mercedes-Benz-S-Class","Mercedes-Benz-Mercedes-Benz-S-Class-400-6-Automatic","2015","100,000"," 66,000","","2,014.955","123,306.67","113,909.09"," 3,655.492","10,027.1617","127,591.7",27.5917450222236,"135,097.5",35.0975272714286,2
"1712650227-270","https://qatarsale.com/en/product/mercedes_benz_s_class_400_white_sedan_automatic_2016-215260","Mercedes-Benz","Mercedes-Benz-S-Class","Mercedes-Benz-Mercedes-Benz-S-Class-400-6-Automatic","2016","120,000","115,000","","2,014.955","119,426.67","113,909.09","14,161.742","  -117.4836","127,953.3",6.6277914074085,"116,441.2",-2.96564247222224,2
"1712650250-341","https://qatarsale.com/en/product/mercedes_benz_s_class_450amg_pearl_sedan_automatic_2018-215353","Mercedes-Benz","Mercedes-Benz-S-Class","Mercedes-Benz-Mercedes-Benz-S-Class-450AMG-6-Automatic","2018","192,000","76,900","","2,018.50","85,000.00","212,124.88","-6,402.653","1,645.778","207,368",8.00416666666753,"187,546.8",-2.31937179811515,1
"1712650250-344","https://qatarsale.com/en/product/mercedes_benz_s_class_500_black_sedan_automatic_2017-213472","Mercedes-Benz","Mercedes-Benz-S-Class","Mercedes-Benz-Mercedes-Benz-S-Class-500-8-Automatic","2017","149,000","94,000","","2,014.913","93,012.50","135,391.30","12,630.23","-1,654.881","146,366.7",-1.76734385131675,"138,627.4",-6.96147744966446,1
"1712650189-164","https://qatarsale.com/en/product/sedan_automatic_black_2015_500_s_class_mercedes_benz-52660","Mercedes-Benz","Mercedes-Benz-S-Class","Mercedes-Benz-Mercedes-Benz-S-Class-500 AMG-8-Automatic","2015","129,999","136,000","","2,014.80","80,000.00","169,799.80","16,199.95","-17,855.976","168,143.8",29.3423595566037,"135,133.6",3.94968833093587,2
"1712650201-205","https://qatarsale.com/en/product/mercedes_benz_s_class_500_amg_2015_silver_automatic_coupe_sport-113555","Mercedes-Benz","Mercedes-Benz-S-Class","Mercedes-Benz-Mercedes-Benz-S-Class-500 AMG-8-Automatic","2015","225,000"," 68,000","","2,014.80","80,000.00","169,799.80","16,199.95","  2,975.996","188,975.7",-16.0107795555609,"186,350.0",-17.1777654751323,2
"1712650201-190","https://qatarsale.com/en/product/mercedes_benz_s_class_560_gray_sedan_automatic_2018-181224","Mercedes-Benz","Mercedes-Benz-S-Class","Mercedes-Benz-Mercedes-Benz-S-Class-560 Coupe-8-Automatic","2018","288,000","97,000","","2,018.00","90,000.00","274,000.00","-7,000","-4,272","262,728",-8.775,"260,913.6",-9.40499707175932,1
"1712650217-236","https://qatarsale.com/en/product/mg_mg5_white_sedan_automatic_2021-215228","MG","MG-MG5","MG-MG-MG5-Standard-4-Automatic","2021","29,999","69,000","","2,022.667","52,500.00","41,000.00","-7,500","-938","32,562",8.54361812060402,"54,542.55",81.8145591519717,1
"1712650227-285","https://qatarsale.com/en/product/mini_cooper_gp_gray_hatchback_automatic_2021-199544","Mini","Mini-Cooper","Mini-Mini-Cooper-GP-4-Automatic","2021","149,000","42,000","","2,021.00","30,000.00","202,250.00","0","-6,472","195,778",31.3946308724832,"142,805.1",-4.1576454266539,1
"1712650189-156","https://qatarsale.com/en/product/mini_cooper_jcw_2023_white_automatic_hatchback-103873","Mini","Mini-Cooper","Mini-Mini-Cooper-JCW-4-Automatic","2023","159,999"," 1,000","","2,019.645","35,486.11","106,903.19","38,693.92"," 5,937.127","151,534.2",-5.29050495271127,"164,458.3",2.78709564851444,3
"1712650189-160","https://qatarsale.com/en/product/mini_cooper_jcw_white_hatchback_automatic_2022-211849","Mini","Mini-Cooper","Mini-Mini-Cooper-JCW-4-Automatic","2022","119,000","49,891","","2,019.645","41,061.51","106,903.19","26,962.30","-1,914.489","131,951.0",10.8831958336784,"109,675.6",-7.83562812324927,3
"1712650167-103","https://qatarsale.com/en/product/mini_cooper_jcw_off_white_hatchback_automatic_2023-215197","Mini","Mini-Cooper","Mini-Mini-Cooper-JCW-4-Automatic","2023","159,000","18,000","","2,019.645","35,486.11","106,903.19","38,693.92"," 3,607.573","149,204.7",-6.16057164036314,"142,115.0",-10.6194669392033,3
"1712650201-199","https://qatarsale.com/en/product/mini_cooper_s_2020_green_automatic_hatchback-103370","Mini","Mini-Cooper","Mini-Mini-Cooper-S-4-Automatic","2020"," 89,000","74,000","","2,019.755","53,280.49","89,905.64"," 1,955.963","-3,927.1948"," 87,934.41",-1.19729298788567," 83,044.45",-6.69163134831463,2
"1712650189-170","https://qatarsale.com/en/product/mini_cooper_s_silver_hatchback_automatic_2024-197202","Mini","Mini-Cooper","Mini-Mini-Cooper-S-4-Automatic","2024","139,000","10,611","","2,019.755","16,298.47","89,905.64","39,895.562","  -768.7419","129,032.46",-7.1708912574385,"127,794.34",-8.06162350119905,2
"1712650157-69","https://qatarsale.com/en/product/mini_cooper_white_hatchback_automatic_2020-215176","Mini","Mini-Cooper","Mini-Mini-Cooper-Standard-4-Automatic","2020","62,000","67,000","","2,019.32","44,333.33","81,120.00","8,931.818","-3,698.128","86,353.69",39.2801454545462,"71,304.02",15.0064836021505,1
"1712650217-238","https://qatarsale.com/en/product/mitsubishi_eclipse_cross_highline_gray_suv_automatic_2021-215232","Mitsubishi","Mitsubishi-Eclipse","Mitsubishi-Mitsubishi-Eclipse-Cross Highline-4-Automatic","2021","64,999","89,999","","2,021.267","48,452.38","76,166.67","-511.9048","-5,029.24","70,625.52",8.65632016176904,"76,830.07",18.2019254142371,1
"1712650178-118","https://qatarsale.com/en/product/mitsubishi_pajero_3.8_gold_edition_brown_suv_automatic_2020-207537","Mitsubishi","Mitsubishi-Pajero","Mitsubishi-Mitsubishi-Pajero-3.8 Gold Edition-6-Automatic","2020","75,000","80,000","","2,018.333","49,719.83","75,888.89","7,813.697","-4,055.246","79,647.34",6.19645362663401,"73,067.03",-2.57728911111106,1
"1712650239-289","https://qatarsale.com/en/product/mitsubishi_pajero_gls_black_suv_automatic_2016-215299","Mitsubishi","Mitsubishi-Pajero","Mitsubishi-Mitsubishi-Pajero-GLS-6-Automatic","2016","60,000","45,000","","2,019.129","140,788.90","68,193.55","-19,177.470"," 7,120.185","56,136.26",-6.43956166065776,"73,150.87",21.9181139444444,3
"1712650201-204","https://qatarsale.com/en/product/mitsubishi_pajero_gls_white_suv_automatic_2020-215215","Mitsubishi","Mitsubishi-Pajero","Mitsubishi-Mitsubishi-Pajero-GLS-6-Automatic","2020","79,999","29,000","","2,019.129"," 54,681.32","68,193.55","  4,241.228"," 2,860.457","75,295.23",-5.87978148214233,"83,806.17",4.7590169162829,3
"1712650201-187","https://qatarsale.com/en/product/mitsubishi_pajero_gls_black_suv_automatic_2022-202983","Mitsubishi","Mitsubishi-Pajero","Mitsubishi-Mitsubishi-Pajero-GLS-6-Automatic","2022","83,000","33,000","","2,019.129"," 11,627.53","68,193.55"," 15,950.577","-3,819.803","80,324.32",-3.22370742947899,"86,402.22",4.09906429718876,3
"1712650227-279","https://qatarsale.com/en/product/nissan_navara_white_pick_up_manual_2015-215248","Nissan","Nissan-Navara","Nissan-Nissan-Navara-Standard-4-Manual","2015","27,000","222,000","","2,018.722","269,333.33","42,611.06","-25,857.66","1,054.347","17,807.75",-34.0453803456835,"27,983.84",3.64385061728394,1
"1712650146-1","https://qatarsale.com/en/product/nissan_patrol_le_2015_white_automatic_suv-119972","Nissan","Nissan-Patrol","Nissan-Nissan-Patrol-LE-8-Automatic","2015"," 79,000","130,000","","2,020.079","157,237.05","177,184.21","-95,781.263"," 3,547.482"," 84,950.43",7.53218908680436," 83,349.4",5.50556962025314,2
"1712650157-51","https://qatarsale.com/en/product/nissan_patrol_le_white_suv_automatic_2020-184246","Nissan","Nissan-Patrol","Nissan-Nissan-Patrol-LE-8-Automatic","2020","173,000"," 72,000","","2,020.079"," 68,435.37","177,184.21"," -6,821.867","-3,152.283","167,210.06",-3.34678585554681,"169,724.0",-1.89362235067438,2
"1712650250-331","https://qatarsale.com/en/product/nissan_patrol_nismo_white_suv_automatic_2018-169840","Nissan","Nissan-Patrol","Nissan-Nissan-Patrol-Nismo-8-Automatic","2018","175,000","109,000","","2,018.00","111,315.79","176,285.71","-1,654.135","367.6454","174,999.2",0,"150,538.3",-13.9781326857143,1
"1712650217-219","https://qatarsale.com/en/product/nissan_patrol_platinum_gray_suv_automatic_2022-204190","Nissan","Nissan-Patrol","Nissan-Nissan-Patrol-Platinum-6-Automatic","2022","189,000","67,000","","2,021.932","35,317.72","219,170.45"," -8,592.90","-11,685.295","198,892.3",5.23399933833819,"187,830.8",-0.618622380952417,2
"1712650157-66","https://qatarsale.com/en/product/nissan_patrol_platinum_white_suv_automatic_2021-215178","Nissan","Nissan-Patrol","Nissan-Nissan-Patrol-Platinum-6-Automatic","2021","189,000","39,000","","2,021.932","53,545.67","219,170.45","-28,441.05","  4,133.691","194,863.1",3.10216701301163,"158,696.3",-16.0336860670194,2
"1712650189-157","https://qatarsale.com/en/product/nissan_patrol_platinum_white_suv_automatic_2016-215213","Nissan","Nissan-Patrol","Nissan-Nissan-Patrol-Platinum-8-Automatic","2016","79,000","165,000","","2,016.032","161,629.65","109,031.74"," -1,790.903","-1,436.2300","105,804.61",33.92988029684,"101,961.25",29.064867389994,5
"1712650178-111","https://qatarsale.com/en/product/nissan_patrol_platinum_white_suv_automatic_2014-215211","Nissan","Nissan-Patrol","Nissan-Nissan-Patrol-Platinum-8-Automatic","2014","75,000","200,000","","2,016.032","207,130.43","109,031.74","-48,692.578","   688.3905"," 61,027.55",-18.6299324995614," 83,031.02",10.7080285714286,5
"1712650178-135","https://qatarsale.com/en/product/nissan_patrol_platinum_2016_white_automatic_suv-111678","Nissan","Nissan-Patrol","Nissan-Nissan-Patrol-Platinum-8-Automatic","2016","98,000","171,000","","2,016.032","161,629.65","109,031.74"," -1,790.903","-3,152.0833","104,088.75",6.21301231459768," 97,992.58",0,5
"1712650157-63","https://qatarsale.com/en/product/nissan_patrol_platinum_white_suv_automatic_2015-206495","Nissan","Nissan-Patrol","Nissan-Nissan-Patrol-Platinum-8-Automatic","2015","93,000","165,000","","2,016.032","184,380.04","109,031.74","-25,241.740"," 1,927.8453"," 85,717.84",-7.83027630945914," 91,584.23",-1.52232974910397,5
"1712650146-13","https://qatarsale.com/en/product/nissan_patrol_platinum_white_suv_automatic_2015-215168","Nissan","Nissan-Patrol","Nissan-Nissan-Patrol-Platinum-8-Automatic","2015","88,000","180,000","","2,016.032","184,380.04","109,031.74","-25,241.740","   587.2053"," 84,377.20",-4.11681469549158," 85,655.76",-2.66390963203462,5
"1712650239-312","https://qatarsale.com/en/product/nissan_patrol_safari_black_suv_automatic_2023-184409","Nissan","Nissan-Patrol","Nissan-Nissan-Patrol-Safari-6-Automatic","2023","170,000","2,000","","2,021.618","0.00","156,764.71","13,306.13","-2,721.133","167,349.7",-1.5590000000002,"173,137.5",1.84559996818821,1
"1712650178-123","https://qatarsale.com/en/product/nissan_patrol_se_black_suv_automatic_2023-200823","Nissan","Nissan-Patrol","Nissan-Nissan-Patrol-SE-6-Automatic","2023","189,000","0","","2,021.843","11,787.70","172,044.94","29,732.7","3,805.59","205,583.2",8.77419729644022,"195,222.9",3.29253294476406,2
"1712650217-222","https://qatarsale.com/en/product/nissan_patrol_se_black_suv_automatic_2023-208831","Nissan","Nissan-Patrol","Nissan-Nissan-Patrol-SE-6-Automatic","2023","195,000","0","","2,021.843","11,787.70","172,044.94","29,732.7","3,805.59","205,583.2",5.42729891808821,"195,222.9",0.114301161848244,2
"1712650250-357","https://qatarsale.com/en/product/nissan_patrol_se_white_suv_automatic_2016-215004","Nissan","Nissan-Patrol","Nissan-Nissan-Patrol-SE-8-Automatic","2016"," 59,000","165,000","","2,015.86","194,245.68","85,254.00"," -1,373.529","3,253.983"," 87,134.45",47.685515901933," 78,818.03",33.5898889346247,2
"1712650217-230","https://qatarsale.com/en/product/nissan_patrol_se_black_suv_automatic_2023-213973","Nissan","Nissan-Patrol","Nissan-Nissan-Patrol-SE-8-Automatic","2023","192,000","      0","","2,015.86"," 13,626.60","85,254.00","107,763.661","4,208.280","197,225.94",2.72184403021298,"195,233.67",1.68420104110672,2
"1712650227-269","https://qatarsale.com/en/product/nissan_patrol_super_safari_black_suv_automatic_2022-215262","Nissan","Nissan-Patrol","Nissan-Nissan-Patrol-Super Safari-6-Automatic","2022","168,000","55,000","","2,021.904","22,228.64","184,788.46","4,573.541","-11,443.938","177,918.1",5.90361034034811,"174,676.7",3.9742049603174,2
"1712650178-124","https://qatarsale.com/en/product/nissan_patrol_super_safari_white_suv_automatic_2022-199485","Nissan","Nissan-Patrol","Nissan-Nissan-Patrol-Super Safari-6-Automatic","2022","169,000","41,000","","2,021.904","22,228.64","184,788.46","4,573.541"," -8,414.145","180,947.9",7.06973811726678,"173,366.9",2.58397305719913,2
"1712650146-6","https://qatarsale.com/en/product/nissan_patrol_titanium_black_suv_automatic_2023-215170","Nissan","Nissan-Patrol","Nissan-Nissan-Patrol-Titanium-6-Automatic","2023","195,000","13,000","","2,022.812"," 9,129.412","213,304.35","  3,218.459","-3,765.968","212,756.8",9.10607106242238,"201,572.9",3.37071716950979,2
"1712650178-137","https://qatarsale.com/en/product/nissan_patrol_titanium_silver_suv_automatic_2020-196134","Nissan","Nissan-Patrol","Nissan-Nissan-Patrol-Titanium-6-Automatic","2020","179,000","42,000","","2,022.812","54,200.000","213,304.35","-33,271.014"," 1,209.824","181,243.2",1.25316052141534,"179,000.6",0,2
"1712650167-95","https://qatarsale.com/en/product/nissan_pickup_white_pick_up_manual_2016-198350","Nissan","Nissan-Pickup","Nissan-Nissan-Pickup-Standard-4-Manual","2016","26,000","320,000","","2,015.688","261,818.18","28,000.00","2,800","-2,867.2","27,932.8",7.43384615383301,"28,535.65",9.75249084249086,1
"1712650167-96","https://qatarsale.com/en/product/nissan_sentra_gray_sedan_automatic_2014-199959","Nissan","Nissan-Sentra","Nissan-Nissan-Sentra-Standard-4-Automatic","2014","17,000","244,375","","2,016.714","202,777.78","29,285.71","-10,230.16","-1,439.753","17,615.8",3.62236746551297,"20,266.77",19.2162745098039,1
"1712650250-359","https://qatarsale.com/en/product/nissan_x_trail_silver_suv_automatic_2015-215136","Nissan","Nissan-X-Trail","Nissan-Nissan-X-Trail-Standard-4-Automatic","2015"," 42,500","90,700","","2,020.455","151,591.59","77,954.23","-47,485.97","2,515.050","32,983.31",-22.3922151306238," 46,161.1",8.61435231372551,3
"1712650178-126","https://qatarsale.com/en/product/nissan_x_trail_black_suv_automatic_2023-200817","Nissan","Nissan-X-Trail","Nissan-Nissan-X-Trail-Standard-4-Automatic","2023","115,000","     0","","2,020.455"," 18,138.14","77,954.23"," 12,396.78","2,622.078","92,973.09",-19.153838936418,"112,062.4",-2.55445889575158,3
"1712650178-129","https://qatarsale.com/en/product/nissan_x_trail_gray_suv_automatic_2023-197118","Nissan","Nissan-X-Trail","Nissan-Nissan-X-Trail-Standard-4-Automatic","2023","115,000","     0","","2,020.455"," 18,138.14","77,954.23"," 12,396.78","2,622.078","92,973.09",-19.153838936418,"112,062.4",-2.55445889575158,3
"1712650178-143","https://qatarsale.com/en/product/porsche_cayenne_gts_gray_suv_automatic_2014-188369","Porsche","Porsche-Cayenne","Porsche-Porsche-Cayenne-GTS-8-Automatic","2014","73,000","162,000","","2,015.071","115,555.56","124,928.57","-36,895.99","-7,668.616","80,363.97",10.0876289531478,"80,464.35",10.2251320547945,1
"1712650201-202","https://qatarsale.com/en/product/suv_automatic_gray_2016_s_cayenne_porsche-86056","Porsche","Porsche-Cayenne","Porsche-Porsche-Cayenne-S-6-Automatic","2016","90,000","140,000","","2,017.765","111,265.06","199,823.41","-60,490.16","-6,405.972","132,927.3",47.6969786680846,"98,717.56",9.68617570370366,1
"1712650178-120","https://qatarsale.com/en/product/smart_mhd_white_hatchback_automatic_2015-215208","Smart","Smart-MHD","Smart-Smart-MHD-Standard-4-Automatic","2015","32,000","24,000","","2,015.00","60,000.00","33,000.00","0","1,584","34,584",8.075,"65,417.5",104.42967875,1
"1712650250-333","https://qatarsale.com/en/product/suzuki_jimny_white_suv_automatic_2024-209511","Suzuki","Suzuki-Jimny","Suzuki-Suzuki-Jimny-Standard-4-Automatic","2024","149,000","0","","2,021.056","18,537.68","72,979.17","19,826.93","2,752.655","95,558.76",-35.8666073466693,"96,563.15",-35.1925180933906,1
"1712650250-349","https://qatarsale.com/en/product/suzuki_vitara_black_and_red_suv_automatic_2020-176398","Suzuki","Suzuki-Vitara","Suzuki-Suzuki-Vitara-Standard-4-Automatic","2020","36,500","1e+05","","2,020.857","80,250.00","48,856.43","-6,439.762","-1,340.367","41,076.3",12.5378082191797,"39,155.76",7.27605716894976,1
"1712650178-138","https://qatarsale.com/en/product/toyota_camry_gl_white_sedan_automatic_2023-166775","Toyota","Toyota-Camry","Toyota-Toyota-Camry-GL-4-Automatic","2023","99,000","2,900","","2,016.714","39,611.11","44,571.43","50,528.57","4,505.627","99,605.63",0.611744107745648,"99,028.4",0.0286878583884288,1
"1712650227-287","https://qatarsale.com/en/product/toyota_camry_xse_black_sedan_automatic_2023-200799","Toyota","Toyota-Camry","Toyota-Toyota-Camry-XSE-4-Automatic","2023","110,000","38,000","","2,023.00","40,000.00","110,000.00","0","0","110,000",0,"99,248.51",-9.7740821818182,1
"1712650157-44","https://qatarsale.com/en/product/toyota_coaster_white_van_bus_manual_2015-209766","Toyota","Toyota-Coaster","Toyota-Toyota-Coaster-Standard-4-Manual","2015","75,000","165,000","","2,015.50","170,000.00","80,000.00","-5,000","0","75,000",0,"70,790.51",-5.61265004444442,1
"1712650167-77","https://qatarsale.com/en/product/toyota_corolla_xli_white_sedan_automatic_2020-212049","Toyota","Toyota-Corolla","Toyota-Toyota-Corolla-XLI-4-Automatic","2020","53,000","74,000","","2,021.125","99,293.79","55,562.50","-5,922.669","1,532.384","51,172.21",-3.44865116833927,"57,230.57",7.98221389937106,1
"1712650167-73","https://qatarsale.com/en/product/toyota_fortuner_white_suv_automatic_2020-207451","Toyota","Toyota-Fortuner","Toyota-Toyota-Fortuner-Standard-4-Automatic","2020","88,000","42,000","","2,020.433","73,064.81","98,600.00","-2,793.122","3,535.629","99,342.51",12.8892124507873,"88,101.73",0.115599242424287,1
"1712650227-264","https://qatarsale.com/en/product/toyota_hilux_white_pick_up_automatic_2022-185984","Toyota","Toyota-Hilux","Toyota-Toyota-Hilux-Standard-4-Automatic","2022"," 90,000"," 16,000","","2,022.448"," 34,871.08","100,175.75"," -3,828.757"," 2,292.454","98,639.44",9.5993800314915," 95,681.80",6.31310784313723,3
"1712650227-262","https://qatarsale.com/en/product/toyota_hilux_white_pick_up_automatic_2020-138937","Toyota","Toyota-Hilux","Toyota-Toyota-Hilux-Standard-4-Automatic","2020","100,000","  3,000","","2,022.448"," 90,690.01","100,175.75","-18,399.598","10,557.629","92,333.78",-7.66622377716564,"102,151.76",2.15175570969771,3
"1712650167-87","https://qatarsale.com/en/product/toyota_hilux_white_pick_up_automatic_2019-211700","Toyota","Toyota-Hilux","Toyota-Toyota-Hilux-Standard-4-Automatic","2019"," 65,000","143,000","","2,022.448","118,599.47","100,175.75","-25,685.018","-3,742.477","70,748.25",8.84346167870059," 64,686.75",-0.481920358974312,3
"1712650201-183","https://qatarsale.com/en/product/toyota_land_cruiser_gx_white_suv_automatic_2017-215221","Toyota","Toyota-Land Cruiser","Toyota-Toyota-Land Cruiser-GX-6-Automatic","2017","105,000","300,000","","2,022.194","194,522.194","212,786.34","-87,648.786","-21,118.776","104,018.8",-0.934493921467677,"126,935.5",20.8909206349206,11
"1712650146-3","https://qatarsale.com/en/product/toyota_land_cruiser_gx_white_suv_automatic_2019-215171","Toyota","Toyota-Land Cruiser","Toyota-Toyota-Land Cruiser-GX-6-Automatic","2019","118,000","130,000","","2,022.194","141,427.630","212,786.34","-57,335.759","  2,842.291","158,292.9",34.1465044892577,"132,213.7",12.0455084745763,11
"1712650239-299","https://qatarsale.com/en/product/toyota_land_cruiser_gx_white_suv_automatic_2024-215313","Toyota","Toyota-Land Cruiser","Toyota-Toyota-Land Cruiser-GX-6-Automatic","2024","233,000","      0","","2,022.194","  8,691.222","212,786.34"," 18,446.808","  3,215.518","234,448.7",0.621746588605314,"242,234.4",3.96326446450505,11
"1712650157-46","https://qatarsale.com/en/product/toyota_land_cruiser_gx_white_suv_automatic_2024-215186","Toyota","Toyota-Land Cruiser","Toyota-Toyota-Land Cruiser-GX-6-Automatic","2024","238,000","      0","","2,022.194","  8,691.222","212,786.34"," 18,446.808","  3,215.518","234,448.7",-1.4921556506511,"242,234.4",1.77916226987259,11
"1712650227-273","https://qatarsale.com/en/product/toyota_land_cruiser_gx_white_suv_automatic_2022-215253","Toyota","Toyota-Land Cruiser","Toyota-Toyota-Land Cruiser-GX-6-Automatic","2022","201,999"," 61,000","","2,022.194"," 61,785.785","212,786.34","-11,866.219"," -2,640.642","198,279.5",-1.84135410226694,"204,801.7",1.38747582987404,11
"1712650227-280","https://qatarsale.com/en/product/toyota_land_cruiser_gx_black_suv_automatic_2024-215247","Toyota","Toyota-Land Cruiser","Toyota-Toyota-Land Cruiser-GX-6-Automatic","2024","241,000","      0","","2,022.194","  8,691.222","212,786.34"," 18,446.808","  3,215.518","234,448.7",-2.71839437699154,"242,234.4",0.5122017436916,11
"1712650146-31","https://qatarsale.com/en/product/toyota_land_cruiser_gx_black_suv_automatic_2024-215151","Toyota","Toyota-Land Cruiser","Toyota-Toyota-Land Cruiser-GX-6-Automatic","2024","242,000","      0","","2,022.194","  8,691.222","212,786.34"," 18,446.808","  3,215.518","234,448.7",-3.12038448287174,"242,234.4",0.096862067064775,11
"1712650178-131","https://qatarsale.com/en/product/toyota_land_cruiser_gx_black_suv_automatic_2023-208841","Toyota","Toyota-Land Cruiser","Toyota-Toyota-Land Cruiser-GX-6-Automatic","2023","232,000"," 17,000","","2,022.194"," 35,238.504","212,786.34","  3,290.295","  5,268.295","221,344.9",-4.59270100169029,"231,749.5",-0.107974137931009,11
"1712650167-81","https://qatarsale.com/en/product/toyota_land_cruiser_gx_white_suv_automatic_2020-190460","Toyota","Toyota-Land Cruiser","Toyota-Toyota-Land Cruiser-GX-6-Automatic","2020","135,000","140,000","","2,022.194","114,880.349","212,786.34","-42,179.246"," -6,856.945","163,750.2",21.2964093028893,"134,576.9",-0.313382716049414,11
"1712650250-336","https://qatarsale.com/en/product/toyota_land_cruiser_gx_black_suv_automatic_2022-215358","Toyota","Toyota-Land Cruiser","Toyota-Toyota-Land Cruiser-GX-6-Automatic","2022","214,000"," 30,000","","2,022.194"," 61,785.785","212,786.34","-11,866.219"," 10,218.246","211,138.4",-1.33720975929951,"212,612.7",-0.648286604361375,11
"1712650217-244","https://qatarsale.com/en/product/toyota_land_cruiser_gx_gray_suv_automatic_2023-213968","Toyota","Toyota-Land Cruiser","Toyota-Toyota-Land Cruiser-GX-6-Automatic","2023","224,000"," 49,000","08-Apr-2024","2,022.194"," 35,238.504","212,786.34","  3,290.295"," -5,103.383","210,973.3",-5.81551114364823,"221,314.4",-1.19892857142861,11
"1712650217-249","https://qatarsale.com/en/product/toyota_land_cruiser_gxr_grand_touring_white_suv_automatic_2021-210954","Toyota","Toyota-Land Cruiser","Toyota-Toyota-Land Cruiser-GXR- Grand Touring-6-Automatic","2021","205,000","108,000","","2,020.806","50,673.91","243,548.39","-4,617.832","-22,679.7","216,250.9",5.48822033698421,"200,773.6",-2.06167923133781,1
"1712650167-75","https://qatarsale.com/en/product/toyota_land_cruiser_gxr_grand_touring_white_suv_automatic_2021-139672","Toyota","Toyota-Land Cruiser","Toyota-Toyota-Land Cruiser-GXR- Grand Touring-8-Automatic","2021","195,000","136,000","","2,020.184","88,720.24","204,714.29","18,625.54","-18,324.5","205,015.3",5.13606451749603,"196,320.3",0.677059829059842,1
"1712650239-308","https://qatarsale.com/en/product/toyota_land_cruiser_gxr_white_suv_automatic_2018-215347","Toyota","Toyota-Land Cruiser","Toyota-Toyota-Land Cruiser-GXR-6-Automatic","2018","141,000","225,000","","2,021.562","158,347.56","230,207.45"," -65,807.666","-18,847.433","145,552.3",3.22861460370223,"154,836.3",9.81295508274236,10
"1712650167-107","https://qatarsale.com/en/product/toyota_land_cruiser_gxr_white_suv_automatic_2015-215193","Toyota","Toyota-Land Cruiser","Toyota-Toyota-Land Cruiser-GXR-6-Automatic","2015","105,000","230,000","","2,021.562","237,906.43","230,207.45","-118,684.678","  1,410.796","112,933.6",7.55577492380846,"115,115.4",9.63374603174599,10
"1712650146-33","https://qatarsale.com/en/product/toyota_land_cruiser_gxr_black_suv_automatic_2024-212916","Toyota","Toyota-Land Cruiser","Toyota-Toyota-Land Cruiser-GXR-6-Automatic","2024","266,000","      0","","2,021.562","      0.00","230,207.45","  39,946.357","      0.000","270,153.8",1.56158014845547,"273,480.5",2.81220694448166,10
"1712650227-266","https://qatarsale.com/en/product/toyota_land_cruiser_gxr_black_suv_automatic_2024-215271","Toyota","Toyota-Land Cruiser","Toyota-Toyota-Land Cruiser-GXR-6-Automatic","2024","268,000","      0","","2,021.562","      0.00","230,207.45","  39,946.357","      0.000","270,153.8",0.803657908541621,"273,480.5",2.04495166877657,10
"1712650227-263","https://qatarsale.com/en/product/toyota_land_cruiser_gxr_white_suv_automatic_2024-180316","Toyota","Toyota-Land Cruiser","Toyota-Toyota-Land Cruiser-GXR-6-Automatic","2024","270,000","      0","","2,021.562","      0.00","230,207.45","  39,946.357","      0.000","270,153.8",0.0569641462561278,"273,480.5",1.28906313789674,10
"1712650157-59","https://qatarsale.com/en/product/toyota_land_cruiser_gxr_black_suv_automatic_2022-213598","Toyota","Toyota-Land Cruiser","Toyota-Toyota-Land Cruiser-GXR-6-Automatic","2022","219,000"," 83,000","","2,021.562"," 52,269.06","230,207.45","   4,695.016","-14,180.946","220,721.5",0.786080341591416,"216,515.7",-1.13436834094367,10
"1712650167-100","https://qatarsale.com/en/product/toyota_land_cruiser_gxr_black_suv_automatic_2024-215201","Toyota","Toyota-Land Cruiser","Toyota-Toyota-Land Cruiser-GXR-6-Automatic","2024","282,000","      0","","2,021.562","      0.00","230,207.45","  39,946.357","      0.000","270,153.8",-4.20077900890371,"273,480.5",-3.02110976158822,10
"1712650227-254","https://qatarsale.com/en/product/toyota_land_cruiser_gxr_silver_suv_automatic_2018-215304","Toyota","Toyota-Land Cruiser","Toyota-Toyota-Land Cruiser-GXR-6-Automatic","2018","155,000","161,000","","2,021.562","158,347.56","230,207.45"," -65,807.666"," -3,065.054","161,334.7",4.08691964023459,"149,975.4",-3.2416989247312,10
"1712650217-232","https://qatarsale.com/en/product/toyota_land_cruiser_gxr_black_suv_automatic_2024-214523","Toyota","Toyota-Land Cruiser","Toyota-Toyota-Land Cruiser-GXR-6-Automatic","2024","337,000","      0","","2,021.562","      0.00","230,207.45","  39,946.357","      0.000","270,153.8",-19.8356667077473,"273,480.5",-18.8485250823973,10
"1712650217-233","https://qatarsale.com/en/product/toyota_land_cruiser_gxr_black_suv_automatic_2024-214532","Toyota","Toyota-Land Cruiser","Toyota-Toyota-Land Cruiser-GXR-6-Automatic","2024","337,000","      0","","2,021.562","      0.00","230,207.45","  39,946.357","      0.000","270,153.8",-19.8356667077473,"273,480.5",-18.8485250823973,10
"1712650178-117","https://qatarsale.com/en/product/toyota_land_cruiser_gxr_white_suv_automatic_2014-198328","Toyota","Toyota-Land Cruiser","Toyota-Toyota-Land Cruiser-GXR-8-Automatic","2014","109,999","237,000","","2,017.848","266,044.88","164,700.00","-59,721.720","  4,374.633837","109,352.9",-0.587359959536959,"113,194.0",2.90458113255569,8
"1712650167-85","https://qatarsale.com/en/product/toyota_land_cruiser_gxr_white_suv_automatic_2020-200710","Toyota","Toyota-Land Cruiser","Toyota-Toyota-Land Cruiser-GXR-8-Automatic","2020","175,000","189,000","","2,017.848","114,018.80","164,700.00"," 33,352.172","-24,077.186748","173,975.0",-0.585725002451151,"178,069.8",1.75418775510206,8
"1712650178-141","https://qatarsale.com/en/product/toyota_land_cruiser_gxr_2017_white_automatic_suv-121013","Toyota","Toyota-Land Cruiser","Toyota-Toyota-Land Cruiser-GXR-8-Automatic","2017","149,000","192,000","","2,017.848","190,031.84","164,700.00","-13,184.774"," -2,416.525489","149,098.7",0.0662392942451297,"150,454.2",0.975973154362463,8
"1712650167-82","https://qatarsale.com/en/product/toyota_land_cruiser_gxr_white_suv_automatic_2018-196544","Toyota","Toyota-Land Cruiser","Toyota-Toyota-Land Cruiser-GXR-8-Automatic","2018","155,000","236,000","","2,017.848","164,694.16","164,700.00","  2,327.542","-20,125.039089","146,902.5",-5.22419466675484,"155,836.1",0.539419032258091,8
"1712650146-11","https://qatarsale.com/en/product/toyota_land_cruiser_gxr_white_suv_automatic_2020-215169","Toyota","Toyota-Land Cruiser","Toyota-Toyota-Land Cruiser-GXR-8-Automatic","2020","193,000"," 90,000","","2,017.848","114,018.80","164,700.00"," 33,352.172","  7,611.160131","205,663.3",6.56130990913574,"192,199.6",-0.414726432496691,8
"1712650146-32","https://qatarsale.com/en/product/toyota_land_cruiser_gxr_silver_suv_automatic_2017-215149","Toyota","Toyota-Land Cruiser","Toyota-Toyota-Land Cruiser-GXR-8-Automatic","2017","159,000","183,000","","2,017.848","190,031.84","164,700.00","-13,184.774","      7.718064","151,522.9",-4.70255339558488,"158,198.4",-0.504171907756794,8
"1712650201-207","https://qatarsale.com/en/product/toyota_land_cruiser_gxr_white_suv_automatic_2015-215214","Toyota","Toyota-Land Cruiser","Toyota-Toyota-Land Cruiser-GXR-8-Automatic","2015","109,000","260,000","","2,017.848","240,707.20","164,700.00","-44,209.404"," -3,719.362161","116,771.2",7.12956810921333,"108,156.0",-0.774311926605465,8
"1712650217-241","https://qatarsale.com/en/product/toyota_land_cruiser_gxr_white_suv_automatic_2021-215219","Toyota","Toyota-Land Cruiser","Toyota-Toyota-Land Cruiser-GXR-8-Automatic","2021","199,999","122,000","","2,017.848"," 88,681.12","164,700.00"," 48,864.488","-14,118.792832","199,445.7",-0.276656143083178,"194,680.2",-2.65939107473307,8
"1712650217-226","https://qatarsale.com/en/product/toyota_land_cruiser_gxr_twin_turbo_black_suv_automatic_2024-213955","Toyota","Toyota-Land Cruiser","Toyota-Toyota-Land Cruiser-GXR Twin Turbo-6-Automatic","2024","305,000","      0","","2,023.058","     0.00","288,938.64"," 23,345.9717","      0.000","312,284.6",2.38839678922746,"312,716.2",2.52991362056355,8
"1712650239-320","https://qatarsale.com/en/product/toyota_land_cruiser_gxr_twin_turbo_gray_suv_automatic_2023-215325","Toyota","Toyota-Land Cruiser","Toyota-Toyota-Land Cruiser-GXR Twin Turbo-6-Automatic","2023","290,000"," 17,000","","2,023.058","12,245.96","288,938.64","   -704.1659"," -3,575.969","284,658.5",-1.84189528094416,"292,227.7",0.768181933714599,8
"1712650227-275","https://qatarsale.com/en/product/toyota_land_cruiser_gxr_twin_turbo_white_suv_automatic_2022-215251","Toyota","Toyota-Land Cruiser","Toyota-Toyota-Land Cruiser-GXR Twin Turbo-6-Automatic","2022","230,000"," 98,000","","2,023.058","28,557.78","288,938.64","-24,754.3035","-30,198.264","233,986.1",1.73307431597277,"230,201.7",0.0876780538302188,8
"1712650201-197","https://qatarsale.com/en/product/toyota_land_cruiser_gxr_grand_touring_black_suv_automatic_2022-209814","Toyota","Toyota-Land Cruiser","Toyota-Toyota-Land Cruiser-GXR Twin Turbo-6-Automatic","2022","233,000","128,000","","2,023.058","28,557.78","288,938.64","-24,754.3035","-42,879.112","221,305.2",-5.01921766253689,"232,119.3",-0.377968526466414,8
"1712650217-224","https://qatarsale.com/en/product/toyota_land_cruiser_gxr_twin_turbo_white_suv_automatic_2024-210903","Toyota","Toyota-Land Cruiser","Toyota-Toyota-Land Cruiser-GXR Twin Turbo-6-Automatic","2024","325,000","      0","","2,023.058","     0.00","288,938.64"," 23,345.9717","      0.000","312,284.6",-3.91242762857115,"312,716.2",-3.77961952531728,8
"1712650217-228","https://qatarsale.com/en/product/toyota_land_cruiser_gxr_twin_turbo_black_suv_automatic_2024-213962","Toyota","Toyota-Land Cruiser","Toyota-Toyota-Land Cruiser-GXR Twin Turbo-6-Automatic","2024","334,000","      0","","2,023.058","     0.00","288,938.64"," 23,345.9717","      0.000","312,284.6",-6.501613710436,"312,716.2",-6.37238426864706,8
"1712650217-231","https://qatarsale.com/en/product/toyota_land_cruiser_gxr_twin_turbo_black_suv_automatic_2024-213976","Toyota","Toyota-Land Cruiser","Toyota-Toyota-Land Cruiser-GXR Twin Turbo-6-Automatic","2024","337,000","      0","","2,023.058","     0.00","288,938.64"," 23,345.9717","      0.000","312,284.6",-7.33394355871105,"312,716.2",-7.20586452738314,8
"1712650217-229","https://qatarsale.com/en/product/toyota_land_cruiser_gxr_twin_turbo_white_suv_automatic_2023-213966","Toyota","Toyota-Land Cruiser","Toyota-Toyota-Land Cruiser-GXR Twin Turbo-6-Automatic","2023","315,000","      0","","2,023.058","12,245.96","288,938.64","   -704.1659","  5,647.534","293,882.0",-6.70412482262678,"287,705.0",-8.66508750227814,8
"1712650146-10","https://qatarsale.com/en/product/toyota_land_cruiser_gxr_white_edition_white_suv_automatic_2017-212997","Toyota","Toyota-Land Cruiser","Toyota-Toyota-Land Cruiser-GXR White Edition-8-Automatic","2017","159,000","133,000","","2,018.20","155,000.00","190,000.00","-27,250","3,906","166,656",4.81509433962264,"159,491.5",0.309089547768803,1
"1712650189-172","https://qatarsale.com/en/product/toyota_land_cruiser_lx_beige_pick_up_automatic_2024-206831","Toyota","Toyota-Land Cruiser","Toyota-Toyota-Land Cruiser-Hard Top-6-Automatic","2024","174,999","3,000","","2,024.00","4,000.00","194,399.80","3,600.2","-1,900.8","196,099.2",12.0573260418631,"190,714",8.98003227773535,1
"1712650217-225","https://qatarsale.com/en/product/toyota_land_cruiser_vx_twin_turbo_silver_suv_automatic_2023-209799","Toyota","Toyota-Land Cruiser","Toyota-Toyota-Land Cruiser-VX Twin Turbo-6-Automatic","2023","332,000","0","","2,022.775","23,707.04","317,681.32"," 5,587.385","12,261.99","335,530.7",1.06346207187405,"339,523.6",2.26613788094743,2
"1712650217-227","https://qatarsale.com/en/product/toyota_land_cruiser_vx_twin_turbo_white_suv_automatic_2024-213958","Toyota","Toyota-Land Cruiser","Toyota-Toyota-Land Cruiser-VX Twin Turbo-6-Automatic","2024","355,000","0","","2,022.775","     0.00","317,681.32","37,622.107","     0.00","355,303.4",0.0854720918127683,"352,557.6",-0.688001885173554,2
"1712650250-342","https://qatarsale.com/en/product/toyota_land_cruiser_vxr_pearl_suv_automatic_2016-208975","Toyota","Toyota-Land Cruiser","Toyota-Toyota-Land Cruiser-VXR-8-Automatic","2016","132,000","225,000","","2,017.893","230,937.42","185,270.15","-37,234.639","    222.0352","148,257.5",12.3163217886699,"159,185.4",20.595,11
"1712650157-70","https://qatarsale.com/en/product/toyota_land_cruiser_vxr_white_suv_automatic_2015-215175","Toyota","Toyota-Land Cruiser","Toyota-Toyota-Land Cruiser-VXR-8-Automatic","2015","100,000","227,000","","2,017.893","261,622.95","185,270.15","-59,007.441","  6,388.4783","132,651.2",32.6511858226997,"113,760.3",13.7603333333333,11
"1712650239-318","https://qatarsale.com/en/product/toyota_land_cruiser_vxr_pearl_suv_automatic_2014-215330","Toyota","Toyota-Land Cruiser","Toyota-Toyota-Land Cruiser-VXR-8-Automatic","2014","105,000","243,000","","2,017.893","292,308.47","185,270.15","-80,780.243","  7,073.2930","111,563.2",6.25066520263403,"117,417.0",11.8257121587302,11
"1712650227-274","https://qatarsale.com/en/product/toyota_land_cruiser_vxr_white_suv_automatic_2017-215252","Toyota","Toyota-Land Cruiser","Toyota-Toyota-Land Cruiser-VXR-8-Automatic","2017","150,000","177,000","","2,017.893","200,251.90","185,270.15","-15,461.837","  5,502.3056","175,310.6",16.8737447863804,"163,147.1",8.76472174032634,11
"1712650157-60","https://qatarsale.com/en/product/toyota_land_cruiser_vxr_silver_suv_automatic_2019-212922","Toyota","Toyota-Land Cruiser","Toyota-Toyota-Land Cruiser-VXR-8-Automatic","2019","197,000","110,000","","2,017.893","138,880.85","185,270.15"," 28,083.767","  9,858.9491","223,212.9",13.3060226911493,"204,451.2",3.78234348561754,11
"1712650157-61","https://qatarsale.com/en/product/toyota_land_cruiser_vxr_black_suv_automatic_2020-212925","Toyota","Toyota-Land Cruiser","Toyota-Toyota-Land Cruiser-VXR-8-Automatic","2020","195,000","174,000","","2,017.893","108,195.33","185,270.15"," 49,856.569","-27,013.1142","208,113.6",6.72492485659916,"199,866.0",2.49540293040291,11
"1712650217-247","https://qatarsale.com/en/product/toyota_land_cruiser_vxr_white_suv_automatic_2019-212969","Toyota","Toyota-Land Cruiser","Toyota-Toyota-Land Cruiser-VXR-8-Automatic","2019","205,000"," 80,000","","2,017.893","138,880.85","185,270.15"," 28,083.767"," 20,099.9370","233,453.9",13.8799281225583,"206,581.4",0.771430894308951,11
"1712650217-251","https://qatarsale.com/en/product/toyota_land_cruiser_vxr_silver_suv_automatic_2021-208820","Toyota","Toyota-Land Cruiser","Toyota-Toyota-Land Cruiser-VXR-8-Automatic","2021","227,000","156,000","","2,017.893"," 77,509.81","185,270.15"," 71,629.372","-33,906.7057","222,992.8",-1.76528018846937,"217,201.9",-4.31635829662261,11
"1712650239-300","https://qatarsale.com/en/product/toyota_land_cruiser_vxr_black_suv_automatic_2021-215303","Toyota","Toyota-Land Cruiser","Toyota-Toyota-Land Cruiser-VXR-8-Automatic","2021","270,000"," 33,500","","2,017.893"," 77,509.81","185,270.15"," 71,629.372"," 15,418.0021","272,317.5",0.858341388104039,"236,661.0",-12.3477813051146,11
"1712650239-314","https://qatarsale.com/en/product/toyota_land_cruiser_vxr_silver_suv_automatic_2018-214196","Toyota","Toyota-Land Cruiser","Toyota-Toyota-Land Cruiser-VXR-8-Automatic","2018","159,000","330,000","","2,017.893","169,566.38","185,270.15","  6,310.965","-49,177.6835","142,403.4",-10.4380942604219,"137,488.4",-13.5293081761006,11
"1712650157-71","https://qatarsale.com/en/product/toyota_land_cruiser_vxr_white_suv_automatic_2021-215173","Toyota","Toyota-Land Cruiser","Toyota-Toyota-Land Cruiser-VXR-8-Automatic","2021","229,000","229,000","","2,017.893"," 77,509.81","185,270.15"," 71,629.372","-62,679.4519","194,220.1",-15.1877433320178,"127,467.8",-44.3372194135995,11
"1712650178-127","https://qatarsale.com/en/product/toyota_land_cruiser_vxr_twin_turbo_silver_suv_automatic_2023-201878","Toyota","Toyota-Land Cruiser","Toyota-Toyota-Land Cruiser-VXR Twin Turbo-6-Automatic","2023","347,000","25,000","","2,022.387","22,062.99","317,623.03"," 5,493.502","-4,103.327","319,013.2",-8.065358453609,"344,610.9",-0.688514519777093,2
"1712650227-253","https://qatarsale.com/en/product/toyota_land_cruiser_vxr_twin_turbo_black_suv_automatic_2022-215312","Toyota","Toyota-Land Cruiser","Toyota-Toyota-Land Cruiser-VXR Twin Turbo-6-Automatic","2022","313,000","40,000","","2,022.387","46,622.99","317,623.03","-6,698.364"," 3,294.801","314,219.5",0.389606424628983,"302,650.0",-3.30669534325697,2
"1712650250-358","https://qatarsale.com/en/product/toyota_land_cruiser_vxs_black_suv_automatic_2016-215006","Toyota","Toyota-Land Cruiser","Toyota-Toyota-Land Cruiser-VXS-8-Automatic","2016","157,000","157,000","","2,017.00","214,125.00","191,250.00","-21,875.64","14,667.82","184,042.2",17.2243174914344,"184,261.7",17.3641401273886,1
"1712650167-76","https://qatarsale.com/en/product/toyota_rav_4_white_suv_automatic_2023-211327","Toyota","Toyota-Rav 4","Toyota-Toyota-Rav 4-Standard-4-Automatic","2023","99,000","9,000","","2,021.50","16,694.93","97,192.31","8,558.23","1,132.788","106,883.3",7.96295525013765,"102,022.3",3.05284387890451,1
"1712650167-78","https://qatarsale.com/en/product/toyota_rush_s_white_suv_automatic_2023-212902","Toyota","Toyota-Rush","Toyota-Toyota-Rush-S-4-Automatic","2023","68,000","21,000","","2,022.40","45,555.56","63,000.00","1,833.333","1,613.63","66,446.96",-2.28387799564227,"69,631.66",2.39949764705882,1
"1712650146-14","https://qatarsale.com/en/product/toyota_supra_gr_white_coupe_sport_automatic_2020-211772","Toyota","Toyota-Supra","Toyota-Toyota-Supra-GR-6-Automatic","2020","192,000","37,000","","2,020.909","36,020.41","208,363.64","-10,923.16","-1,257.172","196,183.3",2.17880425979586,"207,204.1",7.91880208333329,1
"1712650157-65","https://qatarsale.com/en/product/toyota_tundra_gray_pick_up_automatic_2014-207461","Toyota","Toyota-Tundra","Toyota-Toyota-Tundra-Standard-8-Automatic","2014","70,000","160,000","","2,017.889","177,461.42","132,388.89","-96,658.95","998.2327","36,728.17",-47.5311842979074,"76,165.82",8.80831292517007,1
"1712650189-168","https://qatarsale.com/en/product/volkswagen_golf_r_white_sedan_automatic_2023-204243","Volkswagen","Volkswagen-Golf","Volkswagen-Volkswagen-Golf-R-4-Automatic","2023","185,000","28,009","","2,019.846","8,083.99","143,600.00","47,037.99","-6,684.839","183,953.2",-0.565863055691384,"177,135.7",-4.25097463063065,1
"1712650189-152","https://qatarsale.com/en/product/volkswagen_t_roc_beige_suv_automatic_2023_r_line-212375","Volkswagen","Volkswagen-T-Roc","Volkswagen-Volkswagen-T-Roc-R Line-4-Automatic","2023","125,000","11,800","","2,022.667","15,000.00","117,666.67","9,333.333","-1,016","125,984",0.787200000007893,"122,723.2",-1.8214146133333,1
"1712650201-191","https://qatarsale.com/en/product/volkswagen_touareg_highline_plus_black_suv_automatic_2019-189401","Volkswagen","Volkswagen-Touareg","Volkswagen-Volkswagen-Touareg-Highline plus-6-Automatic","2019","140,000","89,000","","2,018.222","72,666.67","134,200.00","16,640","-4,183.296","146,656.7",4.75478857142878,"116,719.5",-16.6289372380953,1
"1712650189-163","https://qatarsale.com/en/product/volvo_s_90_silver_sedan_automatic_2020-197073","Volvo","Volvo-S","Volvo-Volvo-S-90-4-Automatic","2020","89,000","46,000","","2,018.50","50,000.00","74,000.00","15,000","0","89,000",0,"83,370.8",-6.32494033707861,1
